,GEOID,Trip_Miles,Trip_Seconds
0,17031010100,7.179773940702034,1180.483869135522
1,17031010201,6.4507807291483905,1080.175409663497
2,17031010202,4.7428004999353535,882.3455156660776
3,17031010300,6.86902462154473,1144.7607038741176
4,17031010400,7.030326797385621,1185.8536859705123
5,17031010501,7.2474705330134555,1185.7978512569105
6,17031010502,7.175433903946743,1180.9836543033762
7,17031010503,6.5966956034724165,1100.8501820218426
8,17031010600,6.392463790566183,1100.3309839155243
9,17031010701,6.205611296915644,1106.4920104050539
10,17031010702,6.258966929763213,1079.8751623538815
11,17031020100,5.781102362204725,1029.636670416198
12,17031020200,6.853436155702444,1123.2830762774106
13,17031020301,6.912844036697248,1201.705985146352
14,17031020302,6.349327052489906,1105.8731493943471
15,17031020400,6.385857371794872,1112.281450320513
16,17031020500,6.101279317697228,1094.4224348640075
17,17031020601,6.268917819365337,1114.8224572823433
18,17031020602,6.50953246124031,1182.3777858527133
19,17031020701,6.005046040515654,1095.2195211786373
20,17031020702,6.77271630472251,1121.903050672182
21,17031020801,5.8156567164179105,1060.649776119403
22,17031020802,5.98821550512151,1065.5703956617795
23,17031020901,6.022596630327056,1098.118853396356
24,17031020902,5.28752003847387,964.4563161269638
25,17031030101,6.335365953947369,1019.71015625
26,17031030102,6.537335167985322,1060.492374727669
27,17031030103,6.247696325312442,1039.91130386122
28,17031030104,7.471580448593285,1229.803059769221
29,17031030200,6.19523123835338,1051.820543226608
30,17031030300,5.865076178103224,1036.0427542222747
31,17031030400,5.43516761543327,977.6924189030451
32,17031030500,6.140638723472742,1013.6778332145402
33,17031030601,6.5515765765765765,1041.5158266374483
34,17031030603,6.103233973050225,988.0889342588812
35,17031030604,6.5988770424578895,1004.5105671566463
36,17031030701,6.128449559918754,990.6678402166553
37,17031030702,6.96874518860662,1139.635103926097
38,17031030703,5.195362865221489,891.4512346842602
39,17031030706,5.854439314569831,950.2038089319009
40,17031030800,5.023930896459708,923.5095120885188
41,17031030900,4.50766334440753,863.4612679955703
42,17031031000,5.19564291688845,961.8889057866322
43,17031031100,5.323454139347215,947.7941782549175
44,17031031200,5.663773346231118,960.8438313862639
45,17031031300,5.979946969849146,973.2796938714018
46,17031031400,5.312691398304647,874.0889698821926
47,17031031501,5.919794021602613,973.0100979653354
48,17031031502,5.422954735459214,902.2812134241012
49,17031031700,5.476078720424559,961.1532247364929
50,17031031800,4.760582444626743,941.7162428219852
51,17031031900,4.7188649334178825,924.8017332487846
52,17031032100,5.131428018451017,894.5535627882972
53,17031040100,5.508223429014739,1036.5575750858916
54,17031040201,5.715670367207515,1112.5135834756618
55,17031040202,5.762165826378003,1049.6642375969157
56,17031040300,5.445171219699884,1127.642939592151
57,17031040401,5.3767024304795275,1083.3489161375082
58,17031040402,5.202607602890355,1009.0442736653858
59,17031040600,4.7103197877391425,930.4467253176931
60,17031040700,5.33298494657203,1060.4792917869122
61,17031040800,5.770855821125675,1157.2409406322283
62,17031040900,4.555307335554249,913.5341302501796
63,17031050100,4.464397399859451,919.7370871398454
64,17031050200,4.723460080413555,948.9697645031591
65,17031050300,5.160968087959239,1069.0828640386162
66,17031050500,4.96123096212708,999.002323265848
67,17031050600,4.287035603715171,893.4311443200762
68,17031050700,4.165620094191523,912.1866387580674
69,17031050800,4.229670781893004,895.4106995884773
70,17031050900,4.8420245398773005,1036.1932515337423
71,17031051000,4.862894333843798,938.9018376722818
72,17031051100,4.39543513333966,931.8608712157161
73,17031051200,4.279988814317673,943.7818791946308
74,17031051300,4.5068024953543935,967.0882665250863
75,17031051400,4.635348885325609,956.3953344023173
76,17031060100,4.909192185850053,953.779303062302
77,17031060200,4.750433153828143,955.4364317490049
78,17031060300,4.5159554091327,917.0573092246399
79,17031060400,4.529726857462478,900.6435722942109
80,17031060500,4.2728954232866965,858.0766540194451
81,17031060800,5.153281033687125,887.1548025578483
82,17031060900,4.884182806253142,879.8366410508088
83,17031061000,4.602118417773347,860.6059386904974
84,17031061100,4.679945528228519,887.1435134292606
85,17031061200,4.2065041701687464,858.9615310014871
86,17031061500,4.030942109657667,853.056359588088
87,17031061800,4.067888394419721,803.0851542577129
88,17031061901,4.784406037637219,879.6286755096706
89,17031061902,5.0293249684031,901.7360631024349
90,17031062000,4.535817139957287,855.9296407502168
91,17031062100,4.353234009327452,842.0562249843488
92,17031062200,4.225507362331328,856.4014893911652
93,17031062300,4.069649345162653,855.409885931559
94,17031062400,3.928439698217735,850.4638626672012
95,17031062500,4.002515175097276,885.3934007782101
96,17031062600,4.2920641846034515,929.0888113244134
97,17031062700,4.070216900040128,869.4547508923102
98,17031062800,4.0735104040906185,843.9581279738655
99,17031062900,3.9460820895522386,807.4218925533622
100,17031063000,4.168224930342518,844.9228560974923
101,17031063100,4.315988555430786,846.7532956975188
102,17031063200,4.696716238614419,854.7491294496906
103,17031063301,4.4518194667369375,888.5745873559639
104,17031063302,4.676396866278004,881.4942293393106
105,17031063303,4.66282320694381,901.5068067610781
106,17031063400,4.060404045795415,846.955432200902
107,17031070101,4.239330615359897,836.1416492609254
108,17031070102,4.324812432276736,875.686696750655
109,17031070103,3.8228693424423565,810.0981090642919
110,17031070200,4.035643378368615,832.5169496423669
111,17031070300,3.824706489295058,796.4898183292185
112,17031070400,3.9080703101013206,822.7615290144305
113,17031070500,3.968121340078875,838.4452256702386
114,17031070600,3.838709130311882,812.102440403279
115,17031070700,4.1788506346189225,890.0122325096572
116,17031071000,3.7674234642833326,796.7560861735476
117,17031071100,3.583186647161803,751.9086468900133
118,17031071200,3.775105470789084,783.6570594829578
119,17031071300,3.8364913971094285,803.0973984858913
120,17031071400,3.9075232543154095,786.4848572143339
121,17031071500,3.6747407735646007,735.1541516321664
122,17031071600,3.6359826709989167,795.7010747313171
123,17031071700,3.5663355494720372,773.6491200625733
124,17031071800,3.576289081922143,776.4322482524641
125,17031080100,3.7889335953338947,762.3949736439912
126,17031080201,3.596046654986698,751.8509019531504
127,17031080202,3.736893543011418,747.0317791830705
128,17031080300,3.5053724464158855,716.6285481607264
129,17031080400,3.8034993287897563,769.2604295745559
130,17031081000,3.756962565278089,724.3090044983712
131,17031081100,3.8179855559646976,752.2305878579829
132,17031081201,4.220087628286061,815.3433847519282
133,17031081202,4.204609444842864,809.0146967806584
134,17031081300,4.611729767395561,864.0638542323389
135,17031081401,4.936356659326064,879.7697514950083
136,17031081402,4.25328610459634,770.993771609565
137,17031081403,4.751908440641603,823.0374458865281
138,17031081500,4.569368293703687,818.9096718376878
139,17031081600,4.214437183707562,761.5286951964493
140,17031081700,4.0235241083139766,731.6204109662144
141,17031081800,3.6959079956456327,706.4528587766185
142,17031081900,3.4491376440034625,763.7799493906906
143,17031090100,7.694871794871795,1168.1351981351982
144,17031090200,6.7807436272122095,959.347459003085
145,17031090300,9.353225806451613,1371.3306451612902
146,17031100100,6.514029394922695,982.5772093911052
147,17031100200,6.509140969162996,975.6981002202643
148,17031100300,6.788567026194145,1060.3371340523884
149,17031100400,7.394717668488161,1135.698846387371
150,17031100500,6.526113142611314,951.0727038072704
151,17031100600,6.931958762886598,934.9631443298969
152,17031100700,7.22118320610687,1073.131679389313
153,17031110100,7.11425168306577,1129.503366131538
154,17031110200,6.456320081549439,1027.3414882772681
155,17031110300,6.815661971830986,1038.4332394366197
156,17031110400,7.515381920112124,1158.3339173090399
157,17031110501,6.654451534487998,1072.2427833485262
158,17031110502,6.863718022420236,1061.8555619430872
159,17031120100,7.981203438395416,1171.9604584527222
160,17031120200,7.47931920359666,1209.829800899165
161,17031120300,7.914684466019417,1276.656796116505
162,17031120400,6.868256721595837,1144.0984388551603
163,17031130100,5.733133120862957,1027.5080902181908
164,17031130200,6.0603460706560925,1109.0886806056237
165,17031130300,6.3065868263473055,1104.4117220105245
166,17031140100,5.8271136115017965,1147.8429442100328
167,17031140200,6.343653727664818,1171.8335643869377
168,17031140301,7.6227375932533254,1150.9795653584172
169,17031140302,6.377693508811064,1166.713807718046
170,17031140400,6.669708343107358,1102.1269059347876
171,17031140500,6.255801621958827,1107.5492825951342
172,17031140601,6.228496784565916,1101.9099678456591
173,17031140602,6.245475113122172,1155.880467571644
174,17031140701,5.728322504430006,1090.2294743059658
175,17031140702,5.847825449211588,1121.6764943160983
176,17031140800,5.732511060463869,1103.8795638378692
177,17031150200,6.910632967032967,1119.5962637362638
178,17031150300,6.9130259091989545,1144.2663814277792
179,17031150401,6.70186046511628,1118.6901162790698
180,17031150402,6.630563909774436,1174.7996240601503
181,17031150501,6.682195845697329,1107.3313550939663
182,17031150502,6.957440600250105,1210.5731554814506
183,17031150600,7.118473218051456,1263.4352593842261
184,17031150700,6.6185944040537565,1214.743555849306
185,17031150800,6.4953462726069695,1192.711071901191
186,17031151001,6.159908768373036,1218.2671059300558
187,17031151002,6.391779618473895,1196.4584588353414
188,17031151100,6.605192828146143,1243.6202638700947
189,17031151200,6.904394170110942,1345.4394170110943
190,17031160100,5.979213737008585,963.0397650248532
191,17031160200,6.410784810126582,1057.6128270042193
192,17031160300,6.513607261528486,1064.6443796093686
193,17031160400,6.023974470554105,1077.5719176095156
194,17031160501,6.0083938750419135,1126.911590477255
195,17031160502,6.115879771246177,1156.178481181008
196,17031160601,5.452903225806452,1063.1487841191067
197,17031160602,5.41352803281891,1046.2123461613596
198,17031160700,5.330070111659309,1006.1526876136069
199,17031160800,5.746767760880045,1030.5703203751589
200,17031160900,5.435105117017057,1026.0568557450747
201,17031161000,5.86175681255161,1037.7077828241122
202,17031161100,6.28411214953271,1178.743391188251
203,17031161200,6.369594902139281,1207.262630860264
204,17031161300,6.021565356158422,1093.6086609603947
205,17031170100,6.1952549019607845,1193.5341176470588
206,17031170200,7.1601508485229415,1342.2331866750471
207,17031170300,6.863889799934404,1185.8150213184651
208,17031170400,7.03348581884721,1215.6742909423606
209,17031170500,7.12644376899696,1058.4
210,17031170600,7.9809090909090905,1273.6727272727273
211,17031170700,6.86710875331565,1107.0875331564987
212,17031170800,7.506129807692308,1262.375
213,17031170900,6.745762711864407,1151.677966101695
214,17031171000,7.453029591357445,1338.6547674964772
215,17031171100,6.7671071260028315,1284.657385559226
216,17031180100,7.291857707509881,1319.2787878787879
217,17031190100,5.243893437896436,1164.3883058470765
218,17031190200,6.250077567483711,1262.2565932361154
219,17031190300,6.380843448490507,1244.523498288204
220,17031190401,6.462787015043547,1307.4038004750594
221,17031190402,6.590523273501673,1278.3702464253117
222,17031190601,6.579393939393939,1332.688484848485
223,17031190602,5.739528520311513,1185.1525994527467
224,17031190701,6.193603133159269,1288.0822454308095
225,17031190702,6.03620395218346,1215.0068309343742
226,17031190800,6.065600775193798,1217.6170058139535
227,17031190900,5.530379746835443,1201.4683544303798
228,17031191000,5.2840599455040875,1143.2690735694823
229,17031191100,5.945075438103271,1226.62627682504
230,17031191200,5.516123019571296,1216.90890027959
231,17031191301,6.398486799742434,1261.6606567933034
232,17031191302,5.80112825236012,1168.1413769283904
233,17031200100,5.963568945538818,1203.369640787949
234,17031200200,5.5595766756588505,1175.0370408798506
235,17031200300,5.8432530120481925,1178.0072289156626
236,17031200401,5.61536507936508,1236.007619047619
237,17031200402,5.531305473372781,1162.337647928994
238,17031210100,4.931199963609898,906.748135007278
239,17031210400,5.63990410229089,1148.963106020245
240,17031210501,5.4817627192504625,1007.9362130951084
241,17031210502,5.5866396263520155,1077.0502704031464
242,17031210601,4.902309654894588,915.4612595676111
243,17031210602,5.271937103265154,952.3672986765133
244,17031210700,5.015411042093209,874.8402331956831
245,17031210800,4.544252686421361,861.545750569847
246,17031210900,4.857744459709695,918.1493339704916
247,17031220300,4.51622119356926,881.7534219302175
248,17031220400,4.483254570623896,830.5619361306029
249,17031220500,4.561519145042923,844.8503435790622
250,17031220601,5.084280825698201,1013.4334915553593
251,17031220602,4.885233965249494,934.4677839960151
252,17031220701,5.386346350060291,1103.3793711158519
253,17031220702,5.382063868810012,1066.0183407055777
254,17031220901,5.47792531120332,1138.0433195020746
255,17031220902,5.203916211293261,1086.614146933819
256,17031221000,4.866844591692741,991.0131909933125
257,17031221100,4.910785955331152,987.2813313068343
258,17031221200,5.08452615760308,1034.0264393725931
259,17031221300,4.484862545830734,873.9815003575178
260,17031221400,4.382160807659439,871.9561841857501
261,17031221500,4.547813907308251,873.0609552852736
262,17031221600,4.366462525517644,835.7388451443569
263,17031222200,4.208466203147054,849.5271838569711
264,17031222500,4.468586807146129,948.2172469079248
265,17031222600,4.8242050707381985,1024.9837512256618
266,17031222700,4.472640045963804,928.9613329503017
267,17031222800,5.352446081009995,1157.4797475013152
268,17031222900,5.1789739884393065,1141.7615606936415
269,17031230100,4.875283826540108,1015.9149450958496
270,17031230200,4.84204641350211,1027.5542194092827
271,17031230300,4.8343653250774,1017.9256965944272
272,17031230400,5.167454194792671,1106.1374156219865
273,17031230500,5.052322777688475,1113.8646519852114
274,17031230600,5.418697347518414,1111.5683338949598
275,17031230700,5.430695428990466,1100.9652896602297
276,17031230800,5.140791476407915,1105.5601217656013
277,17031230900,5.020215255030416,1022.0454575840631
278,17031231100,5.513129102844639,1028.5098468271335
279,17031231200,5.701317325329331,1067.0938802734702
280,17031231500,6.141144500019691,1054.9200897955968
281,17031240200,3.9973726977248103,828.0648429035753
282,17031240300,3.8575822041344865,802.0804467465199
283,17031240500,4.264480292907324,897.6861416657539
284,17031240600,4.42301666114973,976.8237890323293
285,17031240700,4.748146732900268,1033.7212457011847
286,17031240800,4.728247834776815,1013.1089273817455
287,17031240900,4.666521634034324,971.5150269921844
288,17031241000,4.426130150686759,969.2399653287105
289,17031241100,4.479714455681142,937.6975847709697
290,17031241200,4.359226768108066,956.8359211241363
291,17031241300,4.163650244299674,912.057868485342
292,17031241400,4.016121765362691,825.5912211796509
293,17031241500,3.90162844510833,793.251582099107
294,17031241600,3.8564831811571745,758.2543090089875
295,17031242000,3.9332718931345645,760.3503306630478
296,17031242100,3.877378215994107,784.6963764321657
297,17031242200,3.965281857438766,815.585411522393
298,17031242300,4.080000338891148,840.4390673715602
299,17031242400,4.283039325723725,883.2485546684737
300,17031242500,4.316755600237156,895.6930889593483
301,17031242600,4.544237425309524,940.2046906479776
302,17031242700,4.578390746154824,946.5537053514681
303,17031242800,4.22942821830482,902.9331295127821
304,17031242900,4.413025421595772,929.5185627988925
305,17031243000,3.910518607283137,820.3257439584581
306,17031243100,4.009849880771732,847.3772761760242
307,17031243200,3.767774285978372,797.958452722063
308,17031243300,3.709739398922692,761.946386320541
309,17031243400,3.568794701986755,730.2683599532528
310,17031243500,3.322564795229236,688.8847931904482
311,17031250200,6.455777072949705,1246.6388763026732
312,17031250300,6.613971720565589,1246.945401091978
313,17031250400,6.9245558717219104,1259.88817965085
314,17031250500,7.2486563344234325,1317.4820133655624
315,17031250600,6.8239727324370385,1211.6654042794926
316,17031250700,6.462755966127791,1186.033949191686
317,17031250800,5.307947342759629,1068.3349585568017
318,17031251000,6.585778781038375,1177.3194130925508
319,17031251100,6.407716191352346,1160.6506439742411
320,17031251200,6.723437776597628,1156.3662595149583
321,17031251300,7.004823476501012,1174.1087249831346
322,17031251400,6.745793257061861,1091.8438797205629
323,17031251500,6.6220309410259395,1095.09468419216
324,17031251600,6.479646330680814,1105.2806366047746
325,17031251700,6.458475689881734,1108.161629434954
326,17031251800,6.4117709082195065,1027.160124610592
327,17031251900,6.796069908539346,1028.6477406501856
328,17031252000,6.744174031271244,1016.2689326988443
329,17031252101,6.820990004759638,1044.6230366492146
330,17031252102,6.249171161167513,945.369527284264
331,17031252201,6.449792674498963,1059.468325270675
332,17031252202,6.688484052084578,1007.7913630390634
333,17031260100,5.627184841453983,972.7907965970611
334,17031260200,5.85961262553802,972.6384505021521
335,17031260300,6.166929521931986,1068.2917693445047
336,17031260400,6.732558139534884,1066.7704752275026
337,17031260500,6.9039717083786725,997.842219804135
338,17031260600,6.59035112760491,1023.3656865543819
339,17031260700,6.097564766839378,955.2414507772021
340,17031260800,6.156927949326999,961.6889944576405
341,17031260900,6.2379025239338555,977.0852915578764
342,17031261000,6.658521952549768,990.2683392418871
343,17031270500,6.375441696113074,947.1588142913231
344,17031271200,5.471841958820256,919.4474123539233
345,17031271300,5.9325172149961745,947.7306809487376
346,17031271400,6.014058355437665,965.7689896310586
347,17031271500,5.9793351302785265,942.822102425876
348,17031271800,5.793396918561995,945.580337490829
349,17031280100,4.066316665736954,744.16563397083
350,17031280400,4.495819725669497,953.3082952318746
351,17031280800,5.580167844522968,949.8604240282685
352,17031280900,4.432058977035491,806.9432411273486
353,17031281900,4.905418133159945,838.8908811209898
354,17031282700,5.364016953143395,946.040216623499
355,17031282800,4.8797824382595065,904.5494903959232
356,17031283100,4.636383627053687,824.1839914554079
357,17031283200,4.30121090557908,808.4015303469282
358,17031283800,4.621679553685034,879.9083390427719
359,17031290900,6.253428878538159,994.705840200645
360,17031291200,6.188669869140301,999.5166473413948
361,17031291600,6.8958648288128055,1251.5606936416184
362,17031292200,6.465078225922205,1072.3080235395435
363,17031292400,5.9853477650831834,1040.810382842253
364,17031292500,6.644439202736171,1057.7106970161576
365,17031300500,6.32810408921933,1145.246840148699
366,17031300600,6.26887983706721,1133.8016293279022
367,17031300700,6.405483870967743,1133.205376344086
368,17031300800,6.307689379520365,1093.8207080319755
369,17031300900,6.347505755947812,1131.0951650038373
370,17031301100,6.87396978021978,1212.7376373626373
371,17031301200,5.602302519092671,1053.5461073749002
372,17031301600,6.598195631528965,1106.502849002849
373,17031301701,6.657268292682927,1150.7531707317073
374,17031301702,6.3769165247018735,1118.9037478705282
375,17031301801,7.187783467446964,1233.57937088515
376,17031301802,6.80316265060241,1158.3418674698796
377,17031301803,6.816173808086904,1101.3301146650574
378,17031310200,4.866862096925091,813.3222728123246
379,17031310300,4.9911517615176155,874.5126467931346
380,17031310400,4.754166666666666,873.125348189415
381,17031310500,4.960509002770084,893.7467970914128
382,17031310600,5.195753643285105,911.7916197901677
383,17031310700,5.022631810838596,931.8735497136144
384,17031310800,5.018197672468726,929.856692490861
385,17031310900,5.389967625214245,963.7691868215578
386,17031320100,5.033371292149358,866.4115481436129
387,17031320400,4.924663145982648,846.3151716333459
388,17031320600,4.838916569963239,843.9945183357813
389,17031330100,4.930841810319792,875.4247465916807
390,17031330200,4.518452000333621,820.9281603603102
391,17031340300,5.419607843137254,1012.6621417797888
392,17031340400,5.727035965274907,913.6271186440678
393,17031340500,5.744057377049181,855.2495446265938
394,17031340600,6.512562257886,934.6070835639181
395,17031350100,6.201395430993877,1036.2308054639661
396,17031350400,6.285001833516685,918.4884488448845
397,17031351000,6.233014713241918,972.6121008908017
398,17031351100,5.441110195108546,904.5777228176239
399,17031351400,6.393896274105973,974.2456468826063
400,17031351500,5.964950495049505,913.189108910891
401,17031360200,6.311103448275862,983.1013793103448
402,17031380100,6.753762644954355,1064.5889464594127
403,17031380200,6.5819678714859435,1061.2831325301204
404,17031380500,6.415671641791045,932.2164179104477
405,17031380700,6.577223952924887,1006.7320872274144
406,17031381200,6.682259253797375,1029.5639286240967
407,17031381400,6.663664684225433,987.4671481166808
408,17031381500,6.984560570071259,1054.4726840855108
409,17031381700,6.189473684210526,1035.4736842105262
410,17031381800,6.287415608965703,1012.8355387523629
411,17031381900,7.13558201058201,1129.7328042328043
412,17031390100,5.892968202829528,910.81622075921
413,17031390200,6.707918387175128,1062.062666990527
414,17031390300,6.576959142665774,1026.471682667262
415,17031390400,6.800063804575699,1041.1224136359492
416,17031390500,7.061890007745933,1074.7889233152596
417,17031390600,7.096167642061545,1047.2516518784219
418,17031390700,7.172879778805764,1024.993353538576
419,17031400300,6.5001205141938945,973.1286823781468
420,17031400400,6.9600334448160535,993.5059457450761
421,17031400500,6.809530459067901,966.3738872403561
422,17031400800,6.570772806507844,971.9584958910932
423,17031410100,6.118481267286899,927.2735730450088
424,17031410200,7.139532117367169,1053.9599524187154
425,17031410500,6.281328099082163,978.5273139444874
426,17031410600,6.348072582045495,966.8688140302136
427,17031410700,5.6155346511857385,893.902608295234
428,17031410800,6.115284477631667,931.8689783915945
429,17031410900,7.10159205334059,1017.9501973057559
430,17031411000,7.2854711652794295,1001.3618955608403
431,17031411100,6.743688461112955,981.6317070472397
432,17031411200,7.694423530592783,1167.1295487627365
433,17031420100,6.3619814740233585,1023.1719693918646
434,17031420200,6.947397802989375,1066.5335854493067
435,17031420300,6.540209981979158,976.311290448954
436,17031420400,6.725963549447266,1030.5397370779804
437,17031420500,5.517474288890948,890.675159825813
438,17031420600,7.159919715917864,1041.2862436313108
439,17031420700,6.630418333939615,994.5599854492543
440,17031420800,6.305808055693685,982.8505221282944
441,17031421200,6.753691886964448,1016.8514129443938
442,17031430101,7.9381589231437255,1125.0828918801562
443,17031430102,8.154580941446612,1186.586567164179
444,17031430200,7.487994048172602,1112.5222263554358
445,17031430300,7.128049913712996,1077.1519978760123
446,17031430400,6.165082108902333,962.7011668107174
447,17031430500,7.222683855845298,1085.012891883973
448,17031430600,4.618285325029194,809.4573764110548
449,17031430700,8.727548161120842,1216.8737302977233
450,17031430800,8.503526970954358,1205.0504840940525
451,17031430900,7.619086757990868,1122.5461187214612
452,17031431200,7.479256314312441,1150.118101028999
453,17031431301,8.054641909814324,1215.824744221296
454,17031431302,8.067849274052314,1199.3094740410147
455,17031431400,8.812505210504376,1260.8241350562735
456,17031440101,7.471411810715683,1101.7290661799852
457,17031440102,7.061782966662167,1042.4201646645972
458,17031440201,7.175034927976105,1023.3063544828251
459,17031440202,6.395356428345793,954.6524165525956
460,17031440300,7.220481237467775,974.7730354244247
461,17031440600,7.82492130115425,1025.0619097586568
462,17031440700,7.661791831357049,1087.3873517786562
463,17031440800,7.71988603988604,1086.279772079772
464,17031440900,7.78899024850582,1073.0789556464297
465,17031450300,6.791797812750067,1059.7647372632703
466,17031460100,8.84260752688172,1284.8924731182797
467,17031460200,8.294875776397514,1262.1319875776398
468,17031460301,8.659358288770052,1298.3195187165775
469,17031460302,8.096243842364533,1224.0147783251232
470,17031460400,8.284449489216799,1232.1253121452894
471,17031460500,7.49149008885851,1128.3812713602188
472,17031460600,7.8073059360730594,1179.7853881278538
473,17031460700,8.08060413354531,1222.1391096979332
474,17031461000,6.582971428571429,1029.584
475,17031470100,7.408611567232256,1077.6524356869184
476,17031480100,6.956063432835821,1054.1277985074628
477,17031480200,6.674435196195006,1052.9381688466112
478,17031480300,7.610665362035226,1053.1144814090019
479,17031480400,8.342877192982456,1174.8116959064328
480,17031480500,8.48363374188897,1168.3576063446287
481,17031490300,8.458887283236994,1103.4284682080925
482,17031490400,9.114675767918088,1139.5699658703072
483,17031490500,7.7898196487897495,1059.1229235880398
484,17031490600,7.785323284410948,1016.750892502975
485,17031490700,7.923517382413087,1050.2939672801635
486,17031490800,7.715600370885489,1015.2637923041261
487,17031490901,7.958952863018032,1094.2465991774754
488,17031490902,8.234596354166666,1089.8682291666667
489,17031491000,8.173568459165885,1120.2396406061418
490,17031491100,8.338010446343779,1113.068376068376
491,17031491200,8.912699822380107,1177.722024866785
492,17031491300,8.638012508686588,1148.74148714385
493,17031491400,8.016388018112156,1033.8425635667015
494,17031500100,8.165716890813767,1109.246409847276
495,17031500200,6.788078752483593,959.3163947257511
496,17031500300,9.814965986394558,1208.5801749271136
497,17031510100,9.882291666666667,1401.2916666666667
498,17031510200,8.89516765285996,1165.2485207100592
499,17031510300,7.050443693217832,1012.1014155926474
500,17031520100,9.48125,1372.375
501,17031520200,11.448809523809524,1405.1130952380952
502,17031520300,10.874269005847953,1381.233918128655
503,17031520400,9.228440366972476,1239.1100917431193
504,17031520500,10.612,1447.56
505,17031520600,10.19090909090909,1578.909090909091
506,17031530100,8.006853582554516,1023.5171339563863
507,17031530200,8.1525293078529,1107.5220812590333
508,17031530300,9.046391251518834,1114.0894289185906
509,17031530400,8.836183618361837,1097.5157515751575
510,17031530501,9.131934253008511,1212.8120046962138
511,17031530502,9.64158878504673,1245.7196261682243
512,17031530503,9.936417578342295,1198.2217689597626
513,17031530600,8.897875166002656,1220.7290836653387
514,17031540101,11.074400122268074,1268.5074125019105
515,17031540102,11.147313609467457,1233.8660355029585
516,17031550100,10.345067362016515,1297.225988700565
517,17031550200,10.016090584028605,1189.0226460071515
518,17031560100,8.4272131147541,1134.4918032786886
519,17031560200,8.61921568627451,1230.3647058823528
520,17031560300,8.429556074766355,1213.5105140186915
521,17031560400,7.04140625,969.46484375
522,17031560700,8.945975680370585,1219.880138969311
523,17031560800,8.624028416213957,1170.781445883828
524,17031560900,9.359647495361783,1198.795918367347
525,17031561000,9.653401360544217,1276.1666666666667
526,17031561100,8.27470525187567,1211.0975348338693
527,17031570100,7.5346234749684475,1133.7942785023138
528,17031570200,7.780782608695652,1222.3544927536232
529,17031570300,7.397651969736499,1149.6526219671275
530,17031570400,7.282762991128011,1228.0304182509506
531,17031570500,6.31437908496732,1064.6797385620914
532,17031580100,6.210404217926186,1024.2400702987698
533,17031580200,7.277554438860972,1117.751535455053
534,17031580300,7.21625386996904,1135.2430340557275
535,17031580400,7.499728506787331,1172.330995475113
536,17031580501,7.125743243243243,1109.9056306306306
537,17031580502,6.97671052631579,1135.5286842105263
538,17031580600,6.3598901098901095,1124.453885400314
539,17031580700,6.652169334456613,1129.7733782645325
540,17031580800,6.557276995305164,1180.326291079812
541,17031590500,5.879869494290375,991.3256117455138
542,17031590600,6.622804683342204,1111.5896753592335
543,17031590700,6.417073170731707,1065.8005294006427
544,17031600400,4.920701810607274,887.7965069700368
545,17031600600,5.540929735506278,984.3307507347048
546,17031600700,5.941690682036504,1018.0521934037785
547,17031600900,5.810562902678874,1038.526449643947
548,17031610300,6.446611894721535,1128.316925985168
549,17031610400,6.346115702479339,1143.2214876033058
550,17031610800,7.158590308370044,1137.1894273127753
551,17031611000,6.977591036414566,1073.9775910364147
552,17031611100,7.381735159817352,1152.888888888889
553,17031611200,6.7009461426492,1132.7882096069868
554,17031611300,6.268363939899833,1117.5926544240401
555,17031611400,6.5042384105960265,1138.3059602649007
556,17031611500,5.5,996.6384596517047
557,17031611600,7.147150259067358,1146.6735751295337
558,17031611700,7.266606498194945,1203.9873646209387
559,17031611800,7.226034063260341,1171.9756690997567
560,17031611900,7.261266568483062,1126.0338733431518
561,17031612000,7.432225433526012,1160.8843930635837
562,17031612100,7.937373737373738,1133.9259259259259
563,17031620100,7.421459086427867,1257.1521524811042
564,17031620200,6.044958217270195,1082.3866295264625
565,17031620300,7.0184990125082285,1176.8661400043889
566,17031620400,7.1434417628541445,1218.01573976915
567,17031630100,7.367768595041323,1268.1404958677685
568,17031630200,7.322448979591837,1341.3520408163265
569,17031630300,6.978809568656998,1215.2007911094368
570,17031630400,7.068425841674249,1216.877161055505
571,17031630500,7.048571428571428,1219.1574468085107
572,17031630800,6.8012797485406375,1198.465424337674
573,17031630900,6.471244635193133,1172.2755364806867
574,17031640100,7.230969267139479,1052.3475177304965
575,17031640300,8.579418245923314,1282.5914499779637
576,17031640400,9.662946428571429,1345.263392857143
577,17031640500,9.146043165467626,1255.6456834532373
578,17031640600,8.226162162162161,1195.575135135135
579,17031640700,6.938100102145046,1149.5893769152196
580,17031640800,7.984415584415584,1277.8116883116884
581,17031650100,6.8639821029082775,1205.0680089485459
582,17031650200,7.449593956562794,1197.2389046270066
583,17031650301,6.961878597592883,1178.5005232862375
584,17031650302,7.248612862547288,1252.0126103404791
585,17031650400,7.2995443499392465,1237.0258201701095
586,17031650500,6.7386969567081,1228.6282040291471
587,17031660301,7.57275031685678,1259.8149556400506
588,17031660302,7.650849409732221,1287.0080621940685
589,17031660400,6.902326401127953,1230.8526612618964
590,17031660500,6.753689759036145,1204.8113704819277
591,17031660600,7.414795321637427,1249.8385964912281
592,17031660700,7.372624999999999,1228.8033333333333
593,17031660800,7.654761649705409,1268.002249598286
594,17031660900,7.282382618602002,1219.5391813817234
595,17031661000,7.338552631578946,1214.6414979757085
596,17031661100,7.7192592592592595,1327.9825396825397
597,17031670100,7.391873963515755,1175.0961857379768
598,17031670200,8.05158850226929,1185.4599092284418
599,17031670300,7.437551020408163,1221.504081632653
600,17031670400,7.9323583180987205,1219.762340036563
601,17031670500,7.735714285714287,1147.6043956043957
602,17031670600,6.5957805907173,1278.9331926863572
603,17031670700,6.96910994764398,1142.6143106457243
604,17031670800,7.79761388286334,1167.7776572668113
605,17031670900,7.205367231638418,1119.6242937853108
606,17031671100,7.75079006772009,1130.3860045146728
607,17031671200,6.675609756097561,1071.9654471544716
608,17031671300,7.459415971394517,1162.0446960667462
609,17031671400,7.252595155709343,1124.2889273356402
610,17031671500,6.342533153949644,1015.5112435133577
611,17031671600,7.527259036144579,1114.9721385542168
612,17031671800,7.028651685393258,1070.9578651685392
613,17031671900,8.023478260869565,1184.2753623188405
614,17031672000,7.319610570236439,1153.9239684747333
615,17031680500,7.190266666666666,1051.892
616,17031680600,7.594152046783625,1052.0555555555557
617,17031680900,6.43888198757764,957.3869779396016
618,17031681000,7.116598885374303,1050.6851935532459
619,17031681100,6.74381575570952,1022.8497562227354
620,17031681200,6.512952060555088,965.4604109095278
621,17031681300,6.992196261682243,992.5343457943925
622,17031681400,6.83471570161711,1032.0878977569118
623,17031690300,6.05585292344786,873.3496081977095
624,17031690400,6.919574338240903,967.1941414295522
625,17031690500,6.624086021505376,940.1655913978494
626,17031690900,6.565101272629504,951.6306984525303
627,17031691000,6.550521215680517,923.1830861841139
628,17031691100,6.699619808929616,931.8037629167479
629,17031691200,6.051880019901912,869.4644253322908
630,17031691300,6.582930130265606,917.140754525461
631,17031691400,6.813109040948998,969.3442798740031
632,17031691500,6.835307290370738,1030.2866384672805
633,17031700100,7.105890525145873,1240.674076132259
634,17031700200,7.450928792569659,1239.9978328173374
635,17031700301,7.032892998678997,1231.52487890797
636,17031700302,7.3345258375922775,1223.6802952867688
637,17031700401,7.854619332763045,1301.0483319076134
638,17031700402,7.3555742532604125,1210.2671434581405
639,17031700501,8.040051630174968,1294.886222392198
640,17031700502,6.923731728288908,1171.4961306964747
641,17031710100,6.914665249734325,1014.6110520722635
642,17031710200,7.0823464052287575,1059.9435947712418
643,17031710300,5.725083948959033,940.20920080591
644,17031710400,7.35233268743479,1159.2568191980922
645,17031710500,7.713056660981619,1191.3140989198407
646,17031710600,7.376607319485657,1138.23293768546
647,17031710700,7.281411486785767,1097.5744869334121
648,17031710800,7.159685455309442,1050.3230085839486
649,17031710900,7.3842211732973695,1051.4325691166555
650,17031711000,7.380077437521999,1083.1647307286166
651,17031711100,7.205722288915566,1108.9739895958382
652,17031711200,7.553588014981273,1179.6829962546817
653,17031711300,7.298765432098766,1124.6265432098764
654,17031711400,6.4761377923057575,1017.4314810158411
655,17031711500,7.452690084481992,1054.0911516229435
656,17031720100,8.579278350515464,1318.458762886598
657,17031720200,8.3698880132725,1178.416424720033
658,17031720300,8.659834613112817,1264.0253987005317
659,17031720400,6.256678700361011,870.5884476534296
660,17031720500,6.038286937901499,819.0749464668094
661,17031720600,5.816964285714286,800.6178571428571
662,17031720700,8.724151857835219,1182.4038772213248
663,17031730100,8.570588235294117,1205.5779554540263
664,17031730201,7.819542393744117,1151.840344652813
665,17031730202,7.490903054448871,1097.5720451527225
666,17031730300,6.26258570029383,984.1390793339863
667,17031730400,8.111567796610169,1096.0705508474575
668,17031730500,8.391353332428396,1085.5319668793268
669,17031730600,8.12411424439624,1065.1579898770788
670,17031730700,8.002726387536514,1064.9284323271665
671,17031740100,6.564381520119225,851.4202682563339
672,17031740200,7.346145940390545,1016.7708119218911
673,17031740300,5.458699690402477,728.0835913312693
674,17031740400,7.824894869638351,1060.3380992430614
675,17031750100,8.54927414852038,1092.0650474595197
676,17031750200,8.567123287671233,1144.975093399751
677,17031750300,7.061965811965812,899.6296296296297
678,17031750400,7.19872408293461,934.8724082934609
679,17031750500,7.717294459814145,1009.7227069589275
680,17031750600,9.132281776416539,1117.9136294027564
681,17031760801,7.952423531494843,1042.8050108450268
682,17031760802,7.428423772609819,1011.8888888888889
683,17031760803,7.745060018467221,987.7768544167436
684,17031770201,24.8,1722.6666666666667
685,17031770202,17.889999999999997,2269.9
686,17031770300,10.700000000000001,1357.5
687,17031770400,11.722222222222221,1448.7777777777778
688,17031770500,10.36235294117647,1160.164705882353
689,17031770601,5.92,807.8
690,17031770602,11.28019197207679,1366.9424083769634
691,17031770700,13.05031847133758,1429.8591211622415
692,17031770800,7.08448275862069,921.183908045977
693,17031770901,8.833333333333334,1164.4583333333333
694,17031770902,6.736000000000001,940.36
695,17031800100,22.125,2012.75
696,17031800200,21.651851851851852,2017.888888888889
697,17031800300,16.89375,2267.75
698,17031800400,18.076923076923077,1876.7692307692307
699,17031800500,19.241666666666667,2136.5
700,17031800600,17.900000000000002,2204.3333333333335
701,17031800700,18.06923076923077,2019.6153846153845
702,17031800800,15.799999999999999,1515.3333333333333
703,17031800900,20.016666666666666,1994.1666666666667
704,17031801000,17.114285714285714,2010.5714285714287
705,17031801100,15.341666666666667,1840.6666666666667
706,17031801200,16.2,2267.25
707,17031801300,13.87,2132.55
708,17031801400,15.433333333333332,1832.3333333333333
709,17031801500,20.834693877551018,2157.2448979591836
710,17031801601,23.572222222222223,2448.8888888888887
711,17031801603,15.294,1646.0
712,17031801606,18.213043478260868,2218.4565217391305
713,17031801607,15.1,2723.6666666666665
714,17031801608,14.4,1672.0
715,17031801702,18.36,2217.6
716,17031801800,18.116981132075473,2004.9622641509434
717,17031801902,17.8,1671.0
718,17031802100,16.033333333333335,1556.0
719,17031802200,15.033333333333333,1801.8333333333333
720,17031802300,17.15625,1841.0
721,17031802402,19.728125,1446.21875
722,17031802404,26.5,2487.6666666666665
723,17031802505,15.346428571428572,1456.8214285714287
724,17031802605,25.8,2111.0
725,17031803007,15.833333333333334,1518.0
726,17031803017,26.349999999999998,1961.6666666666667
727,17031803300,24.099999999999998,2325.8333333333335
728,17031803400,12.833333333333334,1159.6666666666667
729,17031803701,27.82857142857143,2584.285714285714
730,17031803702,21.799999999999997,2067.0
731,17031803901,28.950000000000003,2760.5
732,17031804102,16.15,1436.0
733,17031804105,28.1,1943.5
734,17031804108,23.3,2021.0
735,17031804201,20.96666666666667,1517.0
736,17031804202,27.333333333333332,2222.3333333333335
737,17031804308,28.099999999999998,2221.0
738,17031804311,24.03333333333333,1448.3333333333333
739,17031804603,19.15559947299078,1881.312252964427
740,17031804607,23.2,2021.3333333333333
741,17031804609,19.054545454545455,1725.3181818181818
742,17031804701,21.45,1466.5
743,17031804709,17.5,1340.0
744,17031804901,13.0,1685.6666666666667
745,17031805002,15.899999999999999,1513.5
746,17031805105,19.200000000000003,2141.0
747,17031805107,14.876190476190475,1435.0714285714287
748,17031805108,14.75,1318.25
749,17031805109,16.099999999999998,1429.0
750,17031805111,10.763636363636364,1330.090909090909
751,17031805402,9.316666666666668,1315.0
752,17031805501,8.276190476190477,1221.095238095238
753,17031805502,8.715384615384615,1335.3846153846155
754,17031805600,9.754166666666666,1221.2083333333333
755,17031805701,7.8999999999999995,1071.0
756,17031805702,6.12,940.2
757,17031805801,7.033333333333334,1677.0
758,17031805802,5.975,856.625
759,17031805901,10.844444444444443,1560.2222222222222
760,17031805902,13.412903225806453,1727.3870967741937
761,17031806001,12.514285714285714,1265.857142857143
762,17031806002,10.155555555555555,1062.2222222222222
763,17031806004,13.088888888888889,1818.0
764,17031806102,11.12857142857143,1233.857142857143
765,17031806103,20.2,2210.0
766,17031806104,16.716666666666665,1930.8333333333333
767,17031806201,14.793333333333333,1525.2
768,17031806202,11.7,1052.4
769,17031806300,15.799999999999999,1427.6666666666667
770,17031806501,11.625,1250.0
771,17031806502,5.55,695.25
772,17031806600,12.057854406130268,1389.6666666666667
773,17031806700,12.581818181818182,1687.7272727272727
774,17031806801,13.186614173228346,1921.236220472441
775,17031806802,15.083333333333334,2432.3333333333335
776,17031806900,12.590838206627682,1691.775828460039
777,17031807000,10.914285714285715,1598.2857142857142
778,17031807100,5.6571428571428575,1291.0
779,17031807200,9.466666666666667,1542.6666666666667
780,17031807300,10.177622377622379,1665.2027972027972
781,17031807400,11.785294117647059,1516.0882352941176
782,17031807500,5.15,1017.75
783,17031807600,5.982998251748252,1149.395541958042
784,17031807700,9.151612903225805,1385.6129032258063
785,17031807800,8.61093117408907,1337.31983805668
786,17031807900,12.421739130434782,1142.7826086956522
787,17031808001,7.862068965517241,1345.8620689655172
788,17031808002,5.588705035971223,1069.7244604316547
789,17031808100,7.861393152302243,1355.900826446281
790,17031808200,8.147619047619047,1315.3809523809523
791,17031808301,11.69074074074074,1742.2222222222222
792,17031808400,12.95,2400.5
793,17031808500,14.633333333333333,1667.6666666666667
794,17031808600,14.7625,1808.75
795,17031808702,13.62127603480095,2172.5636699182705
796,17031808800,13.556796116504854,2021.883495145631
797,17031808900,12.556,1670.04
798,17031809000,16.65,2032.0
799,17031809100,13.18,2091.233333333333
800,17031809200,9.98,1564.2571428571428
801,17031809300,14.351356783919599,2033.027135678392
802,17031809400,11.817430612060393,1819.2370490914022
803,17031809500,12.283395522388059,1808.3526119402984
804,17031809600,10.480952380952381,1791.5714285714287
805,17031809700,9.85,1513.140625
806,17031809800,10.025,1409.625
807,17031809900,8.439350180505414,1354.2021660649818
808,17031810000,9.701848049281315,1606.024640657084
809,17031810100,9.235802469135804,1452.716049382716
810,17031810200,7.311012782694199,1253.0845624385447
811,17031810301,5.00498301245753,1010.4915062287656
812,17031810302,6.766666666666667,1322.2777777777778
813,17031810400,8.368289191123838,1071.912670007158
814,17031810501,8.12758620689655,1203.3103448275863
815,17031810502,6.4453312467396975,1248.3714136671883
816,17031810600,5.71,933.82
817,17031810701,7.4340909090909095,1287.5
818,17031810702,8.030188679245283,1409.5094339622642
819,17031810800,9.405555555555557,1797.388888888889
820,17031810900,8.03781512605042,1426.81512605042
821,17031811000,11.228571428571428,2038.4285714285713
822,17031811100,8.134545454545455,1285.7272727272727
823,17031811200,8.95,1336.25
824,17031811301,11.063636363636364,1493.0454545454545
825,17031811302,10.795196506550218,1618.8078602620087
826,17031811401,14.25,1555.4
827,17031811402,13.2,1186.0
828,17031811500,13.2,1592.5
829,17031811600,8.1293893129771,995.2900763358779
830,17031811701,12.80857142857143,1680.8857142857144
831,17031811800,14.23,1431.1
832,17031811900,10.562962962962963,1721.6203703703704
833,17031812000,9.81764705882353,1551.1176470588234
834,17031812100,9.641237113402063,1616.5360824742268
835,17031812200,8.872549019607844,1564.313725490196
836,17031812301,9.670848484848484,1592.2660606060606
837,17031812302,9.80625,1772.0625
838,17031812400,10.795714285714286,1901.142857142857
839,17031812500,5.993055555555555,1042.575925925926
840,17031812600,8.618333333333332,1389.65
841,17031812700,8.545989304812833,1380.390374331551
842,17031812801,11.012121212121212,1620.9575757575758
843,17031812802,10.736842105263158,1535.6140350877192
844,17031812900,9.366287878787878,1394.0265151515152
845,17031813000,8.471755725190839,1316.2977099236641
846,17031813100,9.096638655462185,1251.3445378151262
847,17031813200,10.591549295774648,1530.6760563380283
848,17031813301,8.572727272727274,1287.3939393939395
849,17031813302,7.119402985074627,1054.4179104477612
850,17031813400,7.8758333333333335,1160.75
851,17031813500,9.296629213483145,1373.2921348314608
852,17031813600,7.815,1201.65
853,17031813701,7.6175,1135.6
854,17031813702,6.348888888888889,1063.2814814814815
855,17031813801,5.3164556962025316,972.3291139240506
856,17031813802,9.58,1252.72
857,17031813900,8.67125,1316.025
858,17031814000,10.450000000000001,1562.0
859,17031814100,9.078260869565218,1153.391304347826
860,17031814200,6.193590218599481,1134.4842534271952
861,17031814300,10.305263157894737,1294.5263157894738
862,17031814400,9.46629213483146,1360.9550561797753
863,17031814500,10.615384615384615,1403.076923076923
864,17031814600,9.235,1407.825
865,17031814700,10.992592592592594,1583.111111111111
866,17031814800,9.192814371257485,1366.8443113772455
867,17031814900,9.903825136612022,1394.1256830601094
868,17031815000,9.346376811594203,1389.623188405797
869,17031815100,8.75,1444.1
870,17031815200,11.089130434782609,1671.5
871,17031815300,10.379999999999999,1219.2
872,17031815400,11.452542372881357,1608.1271186440679
873,17031815500,10.6175,1495.175
874,17031815600,8.917318059299191,1439.7277628032346
875,17031815701,13.133333333333333,1948.0
876,17031815702,15.299999999999999,1608.3333333333333
877,17031815800,14.483333333333334,1787.0
878,17031815900,10.740070921985815,1531.127659574468
879,17031816000,11.141711229946525,1646.0
880,17031816100,9.22849840255591,1281.826198083067
881,17031816200,12.5234375,1589.515625
882,17031816300,11.850000000000001,1529.25
883,17031816401,13.036363636363637,1760.7272727272727
884,17031816402,11.3375,1591.25
885,17031816500,8.9,1106.6666666666667
886,17031816600,14.80892857142857,1538.4107142857142
887,17031816700,14.1,1501.0
888,17031816800,13.863636363636363,1463.5454545454545
889,17031816900,12.855555555555556,1778.5555555555557
890,17031817000,12.63225806451613,1479.032258064516
891,17031817101,13.207142857142857,1478.357142857143
892,17031817102,12.75,1550.0
893,17031817200,11.779245283018867,1377.0
894,17031817300,7.266666666666667,1341.3333333333333
895,17031817400,12.266666666666666,1348.0
896,17031817500,11.432558139534883,1511.4302325581396
897,17031817600,10.753488372093022,1255.2093023255813
898,17031817700,12.395454545454545,1651.6363636363637
899,17031817900,12.31,1586.3714285714286
900,17031818000,13.684848484848485,1658.3030303030303
901,17031818100,10.233333333333333,1090.3333333333333
902,17031818200,9.35,1101.0
903,17031818300,14.565517241379311,1710.3793103448277
904,17031818401,13.2,1682.3846153846155
905,17031818500,16.515384615384615,2411.5384615384614
906,17031818800,10.833333333333334,2150.0
907,17031818900,21.375,2038.0
908,17031819000,18.033333333333335,1702.6666666666667
909,17031819100,14.64,1504.8
910,17031819200,13.25,1390.0
911,17031819500,18.954545454545453,2218.0
912,17031819700,18.844444444444445,2151.8888888888887
913,17031819801,16.285714285714285,2072.0
914,17031819802,21.733333333333334,2755.3333333333335
915,17031819900,15.200000000000001,1675.3333333333333
916,17031820101,19.55,2113.5
917,17031820103,16.7,2391.3333333333335
918,17031820104,18.099999999999998,1737.3333333333333
919,17031820201,19.984615384615385,1847.4615384615386
920,17031820202,18.125984251968504,1926.6102362204724
921,17031820300,12.444444444444445,1413.2222222222222
922,17031820400,14.193548387096774,1483.4193548387098
923,17031820501,15.203846153846154,1549.7692307692307
924,17031820502,12.647058823529411,1729.862745098039
925,17031820605,17.23125,2069.75
926,17031820700,10.707142857142857,1474.7142857142858
927,17031820800,9.806122448979592,1360.7755102040817
928,17031820901,9.541881100266194,1452.4234693877552
929,17031820902,7.881122448979592,1445.2270408163265
930,17031821001,14.350000000000001,1389.0
931,17031821102,10.35135135135135,1534.9054054054054
932,17031821200,11.62442748091603,1269.6335877862596
933,17031821300,13.296,1455.64
934,17031821401,9.087878787878788,1011.8787878787879
935,17031821402,9.195278969957082,1002.6781115879828
936,17031821500,13.05625,1427.125
937,17031821600,5.904964539007092,1196.9447555057857
938,17031821700,8.463333333333333,1109.3333333333333
939,17031821800,7.6955508474576275,1286.7288135593221
940,17031821900,7.729175050301811,1250.082494969819
941,17031822000,9.1,1255.0
942,17031822101,9.799999999999999,1435.9473684210527
943,17031822102,9.135263157894737,1544.5932330827068
944,17031822302,14.215,1945.35
945,17031822400,15.3,1868.0
946,17031822500,12.663636363636364,1657.0
947,17031822601,12.966666666666667,4124.0
948,17031822701,9.799999999999999,1558.6666666666667
949,17031822702,14.5,1555.0
950,17031822801,7.066666666666666,1327.0
951,17031822802,4.031818181818182,539.7272727272727
952,17031822900,11.0,2872.0
953,17031823001,11.866666666666667,1920.1130952380952
954,17031823002,12.35,1613.75
955,17031823200,20.109756097560975,1976.6341463414635
956,17031823302,15.19090909090909,1743.090909090909
957,17031823303,14.033333333333335,1619.5555555555557
958,17031823304,8.365,967.9833333333333
959,17031823400,15.394117647058822,1765.235294117647
960,17031823500,12.528571428571428,1494.5714285714287
961,17031823602,13.6875,1650.0
962,17031823603,11.7875,1471.625
963,17031823604,7.581818181818182,850.8181818181819
964,17031823605,18.1,2335.0
965,17031823702,21.6,2269.5
966,17031823703,18.81935483870968,1994.0967741935483
967,17031823803,9.4,1875.0
968,17031823903,11.0,1737.0
969,17031824106,26.5,2181.3333333333335
970,17031824107,25.0,2421.0
971,17031824115,25.839999999999996,2546.5
972,17031824300,22.745454545454546,2256.181818181818
973,17031824400,14.460000000000003,1912.2
974,17031824505,16.549999999999997,2045.5
975,17031824601,23.2,1999.0
976,17031824602,9.45,1173.5
977,17031824701,6.3,888.0
978,17031824702,11.45,1079.0
979,17031824800,20.583333333333332,1973.1666666666667
980,17031825501,20.16111111111111,1955.0
981,17031825503,28.62857142857143,2390.714285714286
982,17031825504,25.87142857142857,2420.1428571428573
983,17031825505,23.35,2455.75
984,17031825600,24.723809523809525,1928.904761904762
985,17031825700,14.081818181818182,1332.8181818181818
986,17031825801,14.213559322033898,1362.9830508474577
987,17031825802,16.41,1591.8
988,17031825803,15.376470588235293,1466.7058823529412
989,17031825900,25.0,2141.0
990,17031826100,15.177777777777777,1608.3333333333333
991,17031826201,14.538461538461538,1720.3846153846155
992,17031826202,19.358333333333334,2009.1666666666667
993,17031826301,17.173684210526318,1696.9473684210527
994,17031826303,17.5,1775.75
995,17031826304,15.204,1402.6
996,17031826401,14.416666666666666,1451.1458333333333
997,17031826402,15.928301886792454,1480.0188679245282
998,17031826500,16.2955223880597,1579.089552238806
999,17031826600,13.85909090909091,1491.939393939394
1000,17031826700,14.549107142857142,1529.3125
1001,17031826800,20.1,1672.6666666666667
1002,17031826901,16.533333333333335,1749.0
1003,17031826902,8.1,1232.0
1004,17031827000,14.300000000000002,1315.3333333333333
1005,17031827100,11.666666666666666,1275.6666666666667
1006,17031827200,8.325,995.75
1007,17031827300,11.36,1202.8
1008,17031827400,16.988235294117647,1634.0
1009,17031827500,23.92222222222222,1968.111111111111
1010,17031827600,22.3,2159.125
1011,17031827700,22.75,2804.0
1012,17031827801,22.766666666666666,2378.0
1013,17031827802,17.75,1706.3333333333333
1014,17031827805,37.4,2655.4
1015,17031827901,28.275000000000002,2128.25
1016,17031827902,17.7,1697.8461538461538
1017,17031828000,18.35,1729.5
1018,17031828100,27.1,3536.0
1019,17031828201,24.95,1737.5
1020,17031828300,19.3,1952.5
1021,17031828401,31.5,2524.5
1022,17031828402,14.45,2092.0
1023,17031829800,23.8,2045.6666666666667
1024,17031829901,26.28235294117647,2234.823529411765
1025,17031829902,24.3,3290.6666666666665
1026,17031830004,30.02,2075.0
1027,17031830006,29.599999999999998,2421.0
1028,17031830500,7.945218340611353,1210.4152838427947
1029,17031830600,5.898499091807144,1023.5621235779612
1030,17031830700,4.853063263805936,861.6570568776991
1031,17031830800,4.619541916985254,928.5937670671764
1032,17031830900,4.031957654208926,830.9932909743873
1033,17031831000,4.005144357827901,805.7287036883134
1034,17031831100,5.28444867209497,937.1607183623773
1035,17031831200,5.318087822312995,1151.7541485830993
1036,17031831300,4.294763792533862,954.8903204492897
1037,17031831400,6.560244615793672,968.680989098644
1038,17031831500,5.3732877788250075,1079.4257775683318
1039,17031831600,6.527605679251371,1211.2623426911907
1040,17031831700,5.303751617076326,1015.9510564898663
1041,17031831800,6.503313774528665,1194.2699115044247
1042,17031831900,4.233224372384937,888.3591415122535
1043,17031832000,4.536430608604513,873.8930936136334
1044,17031832100,4.844849139872107,885.3481221291543
1045,17031832200,4.0959024275369424,793.4649017799321
1046,17031832300,3.8663177222130134,780.9589299603452
1047,17031832400,4.600751104176034,947.3231863743355
1048,17031832500,3.946724034852153,824.5193519616587
1049,17031832600,3.5526090400109247,771.4455605626109
1050,17031832900,4.399314574314574,812.7185116470831
1051,17031833000,3.9586857405554503,780.6008072149058
1052,17031833100,3.9695007696613493,750.9596032745592
1053,17031833300,4.254815624925703,822.4978721380852
1054,17031833900,8.185180240320427,1217.1208277703604
1055,17031834000,7.917569226572091,1037.7365070704316
1056,17031834200,5.967727220454633,960.3553110744815
1057,17031834300,6.825239420935413,1036.8576280623608
1058,17031834400,7.577991335171328,1126.3801496652225
1059,17031834500,6.739381299965242,998.8752172401807
1060,17031834600,6.729745476847593,954.9607482367372
1061,17031834700,7.191580078824794,1036.130060910068
1062,17031834800,6.269268953068592,980.9023014440434
1063,17031834900,7.357118857622847,1076.7753044939102
1064,17031835000,7.191089972947029,1214.9745178462344
1065,17031835100,7.0120000000000005,1219.7356321839081
1066,17031835200,11.024903006789524,1392.7546071774975
1067,17031835500,7.003174603174603,999.2528068137824
1068,17031835600,5.3350741239892185,830.1807614555256
1069,17031835700,6.579166666666667,1045.4833333333333
1070,17031835800,6.896555370901949,1044.810998640278
1071,17031835900,6.535803588471082,963.676083221989
1072,17031836000,6.823559322033899,1073.264406779661
1073,17031836100,6.655636529264405,1022.0703712138466
1074,17031836200,7.211377433960732,1086.171894986904
1075,17031836300,6.468912745545912,999.6699406121517
1076,17031836400,6.748165476483624,990.8110481818928
1077,17031836500,6.619354838709677,997.7362428842505
1078,17031836600,5.028936144284669,1001.4765415549598
1079,17031836700,5.4474160206718345,1048.0673449612402
1080,17031836800,5.724732461355529,1029.4297265160524
1081,17031836900,5.502434077079108,940.4864097363084
1082,17031837000,5.671771092513007,958.6663650757747
1083,17031837100,5.56912149909329,1051.803646987709
1084,17031837300,6.0523086963615595,967.9273943547071
1085,17031837400,6.125775694893343,1036.9466709760827
1086,17031837800,5.01108766398861,934.4247177870436
1087,17031838000,5.3609592790668295,962.4142839095465
1088,17031838100,5.091996812718032,952.0799055476198
1089,17031838200,5.621590394200272,991.8235745501848
1090,17031838300,3.5554659710694807,733.1779849419019
1091,17031838600,5.820009832841691,975.4262536873156
1092,17031838700,6.263971880492091,981.7868837295347
1093,17031838800,10.594990776216829,1293.6865332765715
1094,17031839000,4.176185505401714,770.5671993356514
1095,17031839100,4.974631810031683,872.6040894142483
1096,17031839200,5.859025394646534,934.3333333333334
1097,17031839500,5.725368033648791,964.9787066246057
1098,17031839600,6.369805194805195,1024.7830086580086
1099,17031839700,6.358377455166524,1069.9044121833192
1100,17031839800,6.051192394456977,999.6028037383178
1101,17031839900,7.005474886931683,1095.9998413076253
1102,17031840000,6.31109976166156,1017.5805243445693
1103,17031840100,5.3751400766735475,940.6703037452079
1104,17031840200,5.041399962567846,902.574022084971
1105,17031840300,6.6305673581604605,1032.943264183954
1106,17031840400,5.351345514950166,893.3186877076412
1107,17031840700,5.521440684214407,1031.3716729337168
1108,17031840800,6.4609146341463415,1087.080487804878
1109,17031841000,6.068443858112795,1034.740483799429
1110,17031841100,5.37884485094851,869.0927901987353
1111,17031841200,5.489315977355497,1001.441495691054
1112,17031841300,6.1168468631350565,1048.009871632616
1113,17031841400,6.398322147651007,1063.4093959731545
1114,17031841500,6.026004893393918,985.0109227542818
1115,17031841600,6.616901408450704,1176.6225352112676
1116,17031841700,6.8629518072289155,1187.679718875502
1117,17031841800,6.190666666666667,989.4287788778878
1118,17031841900,5.069956001236195,819.8740830202183
1119,17031842000,6.230108757870635,957.5571837435604
1120,17031842100,6.144535572479334,1152.547288940962
1121,17031842200,3.7375188765274485,783.5843990516141
1122,17031842300,3.566851733039652,717.1328992103947
1123,17031842400,4.945253038020897,810.2771335686098
1124,17031842500,5.966373110230442,922.4655805078527
1125,17031842600,7.177195289275097,1108.481648753716
1126,17031842800,6.097837407782439,1070.5103428323448
1127,17031842900,4.931855612998523,920.0498707533235
1128,17031843000,5.749126625962305,944.6943987257765
1129,17031843100,6.297904065269377,1095.5331270220847
1130,17031843200,5.779315504616364,965.1489334606813
1131,17031843300,6.1448203091055795,1128.6312457327292
1132,17031843400,6.137101811367895,1027.0024984384759
1133,17031843500,8.583505782105904,1297.0405761817813
1134,17031843600,5.91191442434936,956.3180855756507
1135,17031843700,5.52706094730508,1057.7334952290896
1136,17031843800,7.1515389652914205,1058.8500327439424
1137,17031843900,7.479912962691311,1096.0661092367122
1138,17031980000,19.69236172147874,1904.6961416910601
1139,17031980100,16.828537933518504,1884.5542664385507
