,Unnamed: 0,GEOID,MedianIncome,Pickup,TotalPopulation,Population_Density, Employment_Density,Percent_Zero_Car_Ownership,LandUse_Diversity,Distance_from_transit
0,0,17031010201,41125,1837.0,7039,59.11902152,1.490412114,0.019723847,0.069242166,234.25
1,1,17031010202,45236,1375.0,2852,36.27858993,8.568341424,0.027316716,0.724294515,193.795
2,2,17031010300,72917,1627.0,6650,58.47092195,9.582294777,0.106672772,0.346823146,184.4025
3,3,17031010400,58438,1204.0,5153,64.71147721,29.07188535,0.023678838,2.464811604,152.44
4,4,17031010501,52747,1310.0,4147,84.88869466,3.081571441,0.032107879,0.066410634,113.1
5,5,17031010502,47222,609.0,2802,62.99815961,4.371993689,0.060484845,0.146626984,194.465
6,6,17031010503,46964,702.0,1713,34.51160823,6.498067101,0.078551312,0.394288656,254.14
7,7,17031010600,76838,1943.0,6271,50.2986067,8.192291819,0.117415719,0.679053444,261.5175
8,8,17031010701,74038,239.0,3766,35.98747511,1.292684252,0.006987578,0.096019345,293.035
9,9,17031010702,48989,1073.0,5096,56.33900525,14.12556675,0.036237405,0.608951659,175.35
10,10,17031020100,61300,402.0,3836,37.1540376,26.17123561,0.478990817,1.688829841,342.655
11,11,17031020200,91402,434.0,6739,24.98394199,3.769940752,0.22732417,0.449563912,303.43
12,12,17031020301,74338,42.0,5472,28.82764832,4.017552795,0.432359565,0.342554023,285.21
13,13,17031020302,109202,205.0,5348,38.28278988,4.496393435,0.335054708,0.38508112,115.3366667
14,14,17031020400,79773,183.0,4236,30.44552096,1.236866823,0.322448326,0.13213807,222.18
15,15,17031020500,50927,1065.0,6584,63.81052364,5.480845143,0.448111316,0.256443129,318.8525
16,16,17031020601,40352,238.0,6131,40.45084375,3.483833141,0.475833334,0.269308313,162.72
17,17,17031020602,53152,291.0,4734,38.94354002,13.12222328,0.484567115,1.046236983,248.7775
18,18,17031020701,106691,88.0,1748,16.96626449,6.1555752,0.414533568,1.277737752,226.65
19,19,17031020702,50466,589.0,7674,44.78167225,4.282181741,0.209167048,0.332553719,272.245
20,20,17031020801,62757,629.0,6112,37.71783898,5.238131281,0.342063081,0.413645339,211.2275
21,21,17031020802,44697,1110.0,7952,51.22241851,10.90605111,0.164371451,0.686493827,233.6925
22,22,17031020901,47644,635.0,5966,49.54829611,2.658853797,0.03920921,0.135107044,356.74
23,23,17031020902,39728,610.0,4680,46.65545777,10.71564948,0.16130331,0.873652375,327.905
24,24,17031030101,57627,1417.0,3768,138.4152646,12.66782379,0.167625217,0.199036006,207.8725
25,25,17031030102,77500,828.0,2703,139.2958227,16.50143174,0.111295693,0.285704026,239.6133333
26,26,17031030103,98083,246.0,2252,116.5826305,18.94608964,0.167483334,0.362158658,185.745
27,27,17031030104,65625,75.0,3569,163.4634392,2.019577379,0.219689584,0.061403509,193.12
28,28,17031030200,114474,1419.0,5444,33.05715813,4.555274543,0.215816084,0.287489235,280.6275
29,29,17031030300,50750,291.0,3464,44.619648,2.272250738,0.026251167,0.12112731,277.615
30,30,17031030400,66731,338.0,2582,30.01532075,4.89598724,0.091561916,0.374319378,246.095
31,31,17031030500,111466,2342.0,6428,43.55196063,4.175721554,0.089186058,0.208313116,191.1125
32,32,17031030601,31722,931.0,3956,167.4207848,10.29471361,0.126617037,0.092181269,230.6733333
33,33,17031030603,44022,527.0,2258,78.78574099,6.627585134,0.208423151,0.143585258,278.28
34,34,17031030604,73009,892.0,3344,142.1221174,4.425048307,0.247650462,0.047510465,217.2633333
35,35,17031030701,62857,340.0,1712,99.14950458,27.39352551,0.32906191,0.524972253,285.66
36,36,17031030702,101250,79.0,2252,407.5841892,62.8418455,0.528550707,0.2809905,67.725
37,37,17031030703,74479,1432.0,2909,88.29890309,8.396468167,0.401739459,0.312442258,197.1433333
38,38,17031030706,67893,1465.0,2928,76.69473091,8.348972923,0.51616267,0.256642798,77.115
39,39,17031030800,141652,1881.0,4392,31.49384866,6.018998202,0.251225868,0.431346972,309.13
40,40,17031030900,159800,1402.0,3061,30.26832948,9.285022978,0.296093032,0.852763121,215.9225
41,41,17031031000,107629,1461.0,4089,39.17467868,12.4467201,0.194277943,0.657463109,310.2466667
42,42,17031031100,106941,3324.0,5059,41.207216,9.286132263,0.285355107,0.511037224,343.3266667
43,43,17031031200,45547,2624.0,5937,76.00483156,14.04429216,0.423757032,0.439292206,195.1325
44,44,17031031300,53750,3132.0,7604,112.22158,14.56990389,0.54273816,0.305508504,161.202
45,45,17031031400,119167,7422.0,4853,52.53296245,10.82631754,0.506641826,0.147214565,169.4266667
46,46,17031031501,41417,1079.0,4587,118.542499,15.72528124,0.493895671,0.240193277,223.0733333
47,47,17031031502,36473,2622.0,4651,126.38042,7.561272271,0.413254486,0.114993045,169.4266667
48,48,17031031700,124625,3863.0,6691,56.41243247,5.684831499,0.566830175,0.202230179,311.81
49,49,17031031800,138750,430.0,1857,34.68875389,16.98011701,0.527582707,0.940993789,238.72
50,50,17031031900,141600,515.0,2566,40.31419419,9.461807619,0.2421851,0.47778907,258.165
51,51,17031032100,127901,7438.0,6837,85.29584106,14.33316251,0.182961991,0.691528742,107.02
52,52,17031040100,138889,556.0,3879,24.22087205,3.054597307,0.203269435,0.738557933,292.81
53,53,17031040201,93750,1906.0,6891,40.26042996,17.37541016,0.338348059,1.312933421,239.3875
54,54,17031040202,54868,1177.0,7265,47.51968345,3.337862197,0.400291009,0.17037229,248.7775
55,55,17031040300,92656,146.0,2925,20.33842376,3.255895669,0.451325587,0.523086296,315.16
56,56,17031040401,126845,185.0,3347,35.76372098,3.075906444,0.261909042,0.265976596,241.7375
57,57,17031040402,137000,1755.0,5269,40.40413275,5.402447777,0.479571911,0.211248941,147.522
58,58,17031040600,106375,740.0,2514,30.25470758,10.38290793,0.526267819,0.729693553,307.1166667
59,59,17031040700,130281,351.0,3440,41.71801608,6.822697832,0.402401585,0.359205649,236.71
60,60,17031040800,109688,27.0,1829,34.54353781,24.66341385,0.284679089,1.501965457,209.215
61,61,17031040900,180278,336.0,1842,28.56253895,8.045358731,0.303019375,0.500879823,302.42
62,62,17031050100,158750,496.0,2731,31.59151604,11.56880368,0.4502656,0.887786373,260.18
63,63,17031050200,159821,1706.0,5431,35.32489571,8.015254762,0.124767993,0.601145716,240.5066667
64,64,17031050300,116806,186.0,2723,29.93408206,7.199250765,0.18767723,0.619056717,312.4833333
65,65,17031050500,205417,805.0,6069,37.86251906,3.213255359,0.233311417,0.269914753,271.442
66,66,17031050600,216477,956.0,2177,26.60893153,32.83709388,0.028947962,2.128624311,234.7
67,67,17031050700,171429,96.0,1610,39.65033371,4.654604392,0.160712675,0.277941176,210.56
68,68,17031050800,196250,125.0,1457,36.2146582,6.015063339,0.161058048,0.398026316,207.87
69,69,17031050900,137083,53.0,1302,32.38072941,2.213429276,0.193536268,0.164814815,209.21
70,70,17031051000,160577,157.0,1718,41.72358163,5.75581423,0.234465312,0.331932773,221.28
71,71,17031051100,175508,304.0,1654,41.88582441,7.394595361,0.169781712,0.482644628,210.56
72,72,17031051200,182031,265.0,1594,39.18121375,8.677234916,0.26999017,0.620869507,223.965
73,73,17031051300,200179,488.0,2826,35.64832455,4.529568351,0.211936811,0.304755545,224.635
74,74,17031051400,162143,782.0,1796,25.50222662,4.211780438,0.130440525,0.370716075,233.355
75,75,17031060100,138333,501.0,2852,35.36093513,5.31734706,0.048750064,0.343455423,258.8366667
76,76,17031060200,152946,384.0,2324,29.62809517,25.06562485,0.111140894,2.24450976,262.19
77,77,17031060300,172150,1034.0,3214,40.75895164,7.470730992,0.187563338,0.439901891,217.26
78,78,17031060400,197679,2341.0,3779,46.29918089,10.94638723,0.091176471,0.614986373,219.9433333
79,79,17031060500,171750,557.0,1295,23.5868332,4.608084016,0.199013158,0.335543767,142.16
80,80,17031060800,124417,4655.0,5048,109.7627103,11.64061876,0.087037037,0.126332873,294.15
81,81,17031060900,88770,8538.0,7114,122.934826,8.71029233,0.102240896,0.137856332,228.794
82,82,17031061000,151875,3258.0,2208,51.70646982,15.03421813,0.150413223,0.597765363,246.77
83,83,17031061100,170893,2060.0,1379,44.7772338,54.06388272,0.069898058,2.765780731,146.18
84,84,17031061200,215455,1097.0,1961,45.43458107,6.78854271,0.034003021,0.375160051,221.28
85,85,17031061500,165729,1130.0,1888,47.43656619,13.94454144,0.143721352,0.686881188,223.97
86,86,17031061800,120438,942.0,1340,65.51856016,10.36562295,0.135621584,0.304160689,100.58
87,87,17031061901,118313,3358.0,3597,91.41423659,9.412879257,0.324069931,0.16650984,270.5725
88,88,17031061902,125950,4515.0,4653,128.7593708,7.120154809,0.107826921,0.0542028,123.3825
89,89,17031062000,160133,5016.0,2981,51.86813695,13.66119766,0.14771422,0.484862901,283.645
90,90,17031062100,182969,7091.0,3772,68.78697501,21.99766062,0.50530504,0.721531686,231.5666667
91,91,17031062200,173250,3457.0,2719,45.37000392,8.21296653,0.195287428,0.41381393,398.98
92,92,17031062300,250000,609.0,1602,39.6985211,10.03614298,0.414468216,0.580229226,341.99
93,93,17031062400,201250,1041.0,1576,39.14410948,11.20177245,0.32122905,0.626388889,244.08
94,94,17031062500,201964,1254.0,1575,39.58893733,28.83080071,0.280730897,1.610955056,202.51
95,95,17031062600,250000,808.0,2370,30.03313248,11.82316988,0.308578745,0.959876543,281.64
96,96,17031062700,237500,2046.0,2885,35.6676032,18.21129544,0.193069307,1.375487014,288.7866667
97,97,17031062800,250000,3059.0,3625,45.21099007,11.11791094,0.464849354,0.635571873,301.75
98,98,17031062900,210089,4726.0,3818,47.78111194,8.408535055,0.511945424,0.356395241,339.75
99,99,17031063000,183438,7307.0,3448,46.54912001,42.05270775,0.327374094,2.15329803,203.85
100,100,17031063100,165278,3041.0,2310,59.96616433,35.4101734,0.434363209,1.10316708,217.93
101,101,17031063200,174402,8128.0,6897,118.3342188,10.26091488,0.40783158,0.158025488,157.5816667
102,102,17031063301,131971,1911.0,2768,120.9670638,15.9755645,0.157510655,0.213553711,191.3333333
103,103,17031063302,133618,5734.0,3781,127.2088568,10.88335803,0.23495702,0.149227464,201.8375
104,104,17031063303,155179,1261.0,1223,80.22060248,35.0937198,0.156944444,0.729039132,127.405
105,105,17031063400,201949,3856.0,2318,62.2453446,22.49830309,0.158707865,0.824250986,155.57
106,106,17031070101,127076,6587.0,3878,140.7509474,14.46223786,0.106995885,0.262695604,281.19
107,107,17031070102,250000,3668.0,2920,110.7743143,29.67150148,0.14534924,0.469452415,208.7666667
108,108,17031070103,71473,1865.0,1621,95.06818719,17.1649046,0.194329133,0.243371265,205.865
109,109,17031070200,163182,7652.0,4283,52.09040649,29.6654365,0.262849023,1.189873055,297.28
110,110,17031070300,221023,6872.0,3575,44.37624566,15.503816,0.381920957,0.758715246,223.295
111,111,17031070400,250000,2969.0,3237,41.57758239,14.29586603,0.420000774,0.635385563,327.68
112,112,17031070500,250000,2456.0,3421,46.44241172,22.01250367,0.434534509,1.234578728,286.1066667
113,113,17031070600,184196,2551.0,3257,39.81584462,6.505812679,0.59140753,0.411902115,328.57
114,114,17031070700,195724,3559.0,4272,27.22915462,11.09514142,0.514776644,1.297684062,315.165
115,115,17031071000,250000,2667.0,4604,61.37460006,6.508874158,0.490650159,0.761583012,180.38
116,116,17031071100,233947,6118.0,3180,41.32050258,26.03676185,0.381786773,1.862049842,173.675
117,117,17031071200,117188,5485.0,2024,30.71823343,20.78726843,0.452865883,1.471336521,180.38
118,118,17031071300,205515,3558.0,3982,52.11627905,10.38891172,0.432936451,0.427963752,192.45
119,119,17031071400,196053,7184.0,4745,82.89015571,28.38417323,0.479973446,0.697945527,121.035
120,120,17031071500,185179,14410.0,6065,80.58879833,19.86672378,0.284323324,0.457168698,181.0533333
121,121,17031071600,201875,295.0,1832,46.45852638,4.894375323,0.233079222,0.261163735,197.14
122,122,17031071700,203438,340.0,1729,43.77671779,2.756176384,0.26318419,0.166503537,411.725
123,123,17031071800,183125,1417.0,2741,33.81258255,12.07901006,0.195803802,0.831265953,236.71
124,124,17031080100,250000,7523.0,6795,132.4363199,15.28534691,0.082533336,0.225233282,176.07
125,125,17031080201,151856,3076.0,3141,97.96507367,21.54321148,0.192120204,0.317533251,164.96
126,126,17031080202,173220,7518.0,3302,82.88755235,32.16165133,0.217503218,0.628259756,140.37
127,127,17031080300,200771,16179.0,4770,51.63024178,30.10390995,0.242864121,1.267242664,227.6525
128,128,17031080400,38824,5123.0,4142,52.83144388,9.367764456,0.386998555,0.71192275,343.7733333
129,129,17031081000,143750,14595.0,7439,123.4335028,55.57213543,0.234930423,0.909686952,109.3033333
130,130,17031081100,140982,9086.0,4092,181.5817039,141.706115,0.408582137,1.098940902,156.91
131,131,17031081201,250000,16771.0,4500,109.3687691,236.0122538,0.364623955,3.789877223,259.7333333
132,132,17031081202,215813,5613.0,2951,92.41091899,37.69015351,0.212449256,0.953094269,239.055
133,133,17031081300,157708,12438.0,5313,130.6556612,230.7047871,0.17928309,3.847836189,179.485
134,134,17031081401,250000,16203.0,2342,34.62500421,439.9863871,0.145990782,18.66022267,217.26
135,135,17031081402,228750,15322.0,5325,144.1555903,30.43042705,0.357954625,0.766775862,168.0866667
136,136,17031081403,184697,26511.0,8046,133.5434902,245.8460276,0.269163504,3.183314096,161.8266667
137,137,17031081500,211600,25771.0,4585,72.26034147,377.2073503,0.423470429,8.443777157,181.4966667
138,138,17031081600,180208,14714.0,4000,115.1099115,152.8665851,0.251860628,1.832251901,109.97
139,139,17031081700,145526,32456.0,3831,55.19337672,181.8040685,0.331919661,7.036731377,97.9
140,140,17031081800,246467,32971.0,9919,63.27143092,192.1200884,0.622853746,6.110166747,210.11
141,141,17031081900,153125,842.0,923,27.20620134,3.036011634,0.628433471,0.250608273,932.08
142,142,17031090100,130250,10.0,3508,15.19564054,1.529011342,0.498470522,0.244544944,382.22
143,143,17031090200,157083,621.0,6838,18.21324998,2.408585779,0.290929895,0.316809689,281.904
144,144,17031100100,100639,246.0,5563,19.50182797,4.637481543,0.512820519,0.634250923,173.272
145,145,17031100200,111138,347.0,6872,13.77678794,2.563169551,0.498498651,0.489531687,325.5085714
146,146,17031100300,116406,104.0,6186,11.70695998,1.853065891,0.325217931,0.454913039,451.9566667
147,147,17031100400,113553,106.0,3364,15.87478719,19.05208089,0.482019836,4.613476723,281.6366667
148,148,17031100500,113080,157.0,5696,12.5999332,3.621320316,0.310325416,0.64853848,586.338
149,149,17031100600,87061,101.0,4789,16.27655392,2.637783544,0.580278562,0.443324065,233.02
150,150,17031100700,101806,25.0,4700,15.64823455,0.617183535,0.576826654,0.099569876,416.016
151,151,17031110100,100392,562.0,5367,18.79152653,4.733819791,0.283566472,0.8774756,302.022
152,152,17031110200,107267,66.0,3433,23.91157734,10.1406105,0.233576642,1.248040422,245.425
153,153,17031110300,93517,31.0,5720,19.31247107,0.88933717,0.103296964,0.139246836,306.848
154,154,17031110400,72437,95.0,4467,21.49065322,2.52873108,0.031826392,0.315555263,242.2966667
155,155,17031110501,94836,146.0,5390,27.2843813,3.35106385,0.030181087,0.402181113,317.846
156,156,17031110502,92868,524.0,3612,24.90822533,9.933598923,0.085041224,0.790476998,300.41
157,157,17031120100,166719,113.0,4102,9.689807453,1.386555461,0.135089419,0.425836039,272.585
158,158,17031120200,153472,108.0,4725,11.6953158,4.077187776,0.164253225,1.092760892,312.1475
159,159,17031120300,155640,151.0,6516,13.15896396,4.375223929,0.085117848,0.835876451,454.415
160,160,17031120400,113359,98.0,3749,17.6859241,2.231107895,0.134598712,0.385892571,315.1633333
161,161,17031130100,83875,406.0,5228,13.57809813,4.764665042,0.067462798,1.089925386,585.6233333
162,162,17031130200,103125,49.0,1547,3.294575748,3.635320493,0.058599231,2.602134146,473.42
163,163,17031130300,63571,216.0,5482,37.33942756,3.387399172,0.103587306,0.384138783,220.95
164,164,17031140100,54129,264.0,3527,62.15774824,3.66443151,0.195460622,0.177886165,236.705
165,165,17031140200,45969,504.0,6429,64.60942756,14.13869921,0.071551056,0.734754043,212.7933333
166,166,17031140301,56250,114.0,2700,66.56503416,3.944521525,0.107054399,0.206430775,118.69
167,167,17031140302,93141,129.0,4127,41.52177797,4.114008269,0.055832734,0.329051031,344.2233333
168,168,17031140400,94344,555.0,6011,22.76851132,3.691354672,0.226923664,0.552095656,404.48
169,169,17031140500,70875,78.0,4264,37.09450856,4.328883049,0.018962867,0.377842756,307.5633333
170,170,17031140601,51053,85.0,2927,43.52960506,3.048708246,0.035652165,0.222342733,193.12
171,171,17031140602,61875,517.0,4822,57.12682223,2.25459504,0.045429362,0.120022477,329.915
172,172,17031140701,68000,267.0,2920,54.97850892,4.836342121,0.07681246,0.256532915,172.335
173,173,17031140702,63219,648.0,6162,60.11597425,4.821022359,0.247000717,0.289838212,257.83
174,174,17031140800,98056,1048.0,6454,36.72309294,3.343507388,0.056402439,0.23775314,324.016
175,175,17031150200,85284,1267.0,7747,26.77865164,6.132115367,0.154906961,0.615546011,232.548
176,176,17031150300,102725,620.0,7859,28.81122887,3.90378937,0.304828151,0.380431037,231.2471429
177,177,17031150401,80337,142.0,5228,28.80362851,2.983858994,0.335206466,0.309172315,186.75
178,178,17031150402,99345,86.0,3599,21.486207,2.737240683,0.238395935,0.368205239,257.0433333
179,179,17031150501,89250,24.0,3957,25.59564584,0.881115302,0.108773926,0.097793504,374.1733333
180,180,17031150502,76576,67.0,4378,25.56239641,2.698422895,0.123978606,0.28818147,239.1666667
181,181,17031150600,84507,61.0,4246,26.18795941,2.02802193,0.133261939,0.268127476,221.62
182,182,17031150700,85714,136.0,4197,25.69561577,1.74769622,0.236442516,0.197820325,206.195
183,183,17031150800,68320,384.0,4967,29.89714822,2.087158081,0.259824098,0.218600646,228.526
184,184,17031151001,81042,90.0,2714,33.25598092,1.150975198,0.229255319,0.105061082,394.96
185,185,17031151002,64741,502.0,4770,30.67580485,6.228807297,0.192158169,0.681988201,268.5575
186,186,17031151100,63125,282.0,5325,34.32344435,2.64104439,0.147523278,0.269072853,211.8975
187,187,17031151200,81410,239.0,3474,21.61393977,9.934822425,0.180308945,1.314177951,260.6233333
188,188,17031160100,79643,49.0,2577,18.33410997,2.281700709,0.109804283,0.404106678,398.985
189,189,17031160200,114453,476.0,3002,14.07404786,7.022844236,0.111825682,1.455384451,612.5575
190,190,17031160300,76222,552.0,3764,34.97937901,3.133108734,0.089013051,0.171824923,333.9366667
191,191,17031160400,83598,757.0,4693,27.52036397,8.698406322,0.051256737,0.908456108,346.01
192,192,17031160501,59000,293.0,3870,45.08257894,1.695302817,0.152836556,0.114442338,242.745
193,193,17031160502,62607,295.0,3782,53.37752559,2.866558481,0.102240212,0.177407934,262.4133333
194,194,17031160601,82723,233.0,3529,41.93103877,5.893765088,0.087296804,0.346131861,258.8366667
195,195,17031160602,69594,345.0,3681,43.4056203,3.328296727,0.065386064,0.184252609,247.66
196,196,17031160700,84713,1189.0,6191,34.66274275,9.806430503,0.195287959,0.809467526,259.908
197,197,17031160800,62584,1128.0,4909,30.26788968,4.456006915,0.128101181,0.39092653,234.428
198,198,17031160900,107031,171.0,2464,16.53910283,4.460130885,0.161548195,0.600049078,316.505
199,199,17031161000,136750,266.0,2151,20.40645265,4.095394304,0.118211468,0.521594547,262.86
200,200,17031161100,150357,102.0,2043,15.16083337,2.804575314,0.076230632,0.532001332,245.425
201,201,17031161200,69896,86.0,3090,26.15809226,7.901633545,0.134258016,1.012352202,360.09
202,202,17031161300,57661,665.0,3919,32.13306453,7.333550447,0.252187396,0.509812701,163.9525
203,203,17031170100,86146,30.0,2058,8.208407972,11.38727151,0.136887556,2.726838586,474.76
204,204,17031170200,73075,57.0,4106,26.68050747,1.415017155,0.214507182,0.204371518,229.3333333
205,205,17031170300,93281,152.0,5350,21.53895278,2.504865859,0.161092911,0.709200542,473.148
206,206,17031170400,78167,27.0,4044,22.06999782,2.425183383,0.131823937,0.284104662,232.3475
207,207,17031170500,103542,118.0,5593,18.18760694,0.571444404,0.109268688,0.092914592,350.035
208,208,17031170700,74141,,3177,23.99067509,0.902744254,0.070492086,0.103364512,345.56
209,209,17031170800,68611,37.0,4189,23.20833563,1.887710876,0.150990126,0.252900205,371.0433333
210,210,17031171000,95865,139.0,7328,22.50811379,2.305078959,0.152978268,0.303613653,272.9183333
211,211,17031171100,99293,79.0,3841,23.98252187,1.116346063,0.173506515,0.152205985,229.3333333
212,212,17031180100,76250,174.0,6360,24.67029992,2.117386897,0.05937396,0.263708572,252.934
213,213,17031190100,56597,380.0,2606,33.35886238,55.37622358,0.113548313,5.218335344,264.2
214,214,17031190200,66313,330.0,5624,34.48405696,2.402764727,0.212898346,0.273140475,245.76
215,215,17031190300,72593,339.0,5535,33.92033222,2.538559468,0.190066858,0.263410722,257.4925
216,216,17031190401,67000,90.0,4193,25.88721788,1.321255818,0.065941197,0.180679375,228.66
217,217,17031190402,62825,321.0,5572,34.47699727,2.240472856,0.075467944,0.227060688,254.14
218,218,17031190601,53375,109.0,5145,44.67329746,0.532719022,0.05124949,0.051435362,231.57
219,219,17031190602,54179,223.0,5608,40.98209285,3.549712318,0.044050031,0.47221072,236.4833333
220,220,17031190701,49531,89.0,2924,42.42703435,2.226548728,0.095694186,0.194254817,202.51
221,221,17031190702,45625,222.0,4841,52.28185379,2.234748803,0.060958806,0.145654607,246.7666667
222,222,17031190800,59471,410.0,7338,44.5760926,2.295667825,0.089413097,0.235236021,266.884
223,223,17031190900,66786,40.0,2537,32.63156698,3.009770073,0.065151515,0.327731092,329.92
224,224,17031191000,60250,116.0,2651,25.1079747,6.202706148,0.074995904,0.895656821,227.99
225,225,17031191100,51590,603.0,7482,38.00828503,3.373729243,0.08704942,0.389783551,214.5783333
226,226,17031191200,46742,156.0,3934,39.00026949,4.31140717,0.13745401,0.766377204,248.105
227,227,17031191301,67604,142.0,5658,37.00563231,3.427815411,0.271411339,0.461704823,210.5566667
228,228,17031191302,55308,209.0,5333,34.65682196,3.389356917,0.139403114,0.370917883,219.945
229,229,17031200100,72857,171.0,3763,26.88659603,1.666741156,0.145171711,0.192874513,402.7833333
230,230,17031200200,56368,455.0,4800,26.16518235,7.076006928,0.034821072,0.877076314,254.4775
231,231,17031200300,72667,104.0,1962,32.28021126,3.066928136,0.086843297,0.367520162,199.155
232,232,17031200401,46618,132.0,3746,38.06741275,10.68756367,0.127874808,0.904027698,412.395
233,233,17031200402,52188,272.0,4380,47.56968967,3.081527485,0.091674763,0.301839746,318.74
234,234,17031210100,95682,2014.0,3684,22.14487519,11.76484551,0.148571297,1.80824869,206.0833333
235,235,17031210400,52639,302.0,2851,28.14576703,5.617593688,0.16860927,0.881208685,308.455
236,236,17031210501,46369,775.0,3273,40.68458085,10.15775056,0.143935699,0.701967593,288.34
237,237,17031210502,63512,736.0,4685,52.8060267,4.855698733,0.155462185,0.354783477,246.7666667
238,238,17031210601,78229,407.0,2761,38.66789615,2.754538207,0.136196776,0.277706829,244.53
239,239,17031210602,78684,901.0,4200,43.71361656,5.340143878,0.074785522,0.35035608,159.1433333
240,240,17031210700,74750,1060.0,4392,35.65440104,3.766030763,0.181750644,0.293481458,341.9866667
241,241,17031210800,58929,74.0,1077,26.84408595,9.27205197,0.270029767,0.96875,218.6
242,242,17031210900,88194,1215.0,3095,27.28275093,3.923410545,0.165262157,0.421749703,210.555
243,243,17031220300,128417,592.0,2201,28.53675917,1.64470035,0.147931842,0.135513655,266.21
244,244,17031220400,125522,747.0,2643,32.79290312,4.465176164,0.188782125,0.330567356,234.025
245,245,17031220500,117609,1444.0,2607,31.43242449,10.18746095,0.157915516,0.696138286,319.6333333
246,246,17031220601,98214,209.0,1763,37.30656685,4.563953937,0.172012414,0.32016066,261.52
247,247,17031220602,55833,3245.0,5058,42.81727063,5.015454186,0.079517392,0.212761271,155.032
248,248,17031220701,72500,358.0,3230,50.34308385,4.303693358,0.167312913,0.28988297,282.08
249,249,17031220702,66174,750.0,3817,38.10519319,5.06067418,0.192772645,0.683869865,293.37
250,250,17031220901,48477,212.0,3073,46.81103717,1.125294091,0.227091316,0.111048189,347.35
251,251,17031220902,58636,452.0,2927,35.8701657,5.219739966,0.214449512,0.457704363,308.46
252,252,17031221000,51989,928.0,2774,51.01340338,3.365355668,0.14728606,0.18113318,259.505
253,253,17031221100,73600,1616.0,5207,49.50737306,3.239201224,0.27475891,0.1941122,164.9566667
254,254,17031221200,120863,780.0,2917,40.07895359,5.05649797,0.175671436,0.305152092,221.285
255,255,17031221300,65625,2300.0,2848,34.53678421,11.27757195,0.098958333,0.71283098,237.8266667
256,256,17031221400,138594,3478.0,3026,33.87828628,8.658912445,0.168691749,0.528540574,306.67
257,257,17031221500,71439,1014.0,2822,37.17007327,6.905513111,0.121976058,0.40115305,287.67
258,258,17031221600,188864,1208.0,3136,40.99962465,29.69157243,0.130129671,1.600427351,343.325
259,259,17031222200,228125,1266.0,2226,39.89221039,7.781439433,0.252081039,0.473319295,97.23
260,260,17031222500,74792,264.0,1748,44.67244086,2.274512149,0.218874203,0.168880455,207.87
261,261,17031222600,87188,177.0,1573,40.142164,2.143637493,0.278201465,0.121037464,261.52
262,262,17031222700,74000,323.0,2462,46.45467406,4.676883101,0.111427248,0.361445783,142.16
263,263,17031222800,47031,43.0,968,37.00421802,2.523014865,0.119547492,0.180821918,278.95
264,264,17031222900,55375,24.0,1051,19.87853102,3.763870288,0.276538259,0.601208459,270.91
265,265,17031230100,61250,147.0,1794,44.71311081,0.89725306,0.198037018,0.057692308,227.99
266,266,17031230200,61406,182.0,2149,40.65921279,3.311010814,0.236205955,0.286415712,202.51
267,267,17031230400,54625,71.0,2089,25.59576612,1.905951032,0.275699268,0.223386864,253.475
268,268,17031230500,33672,268.0,3489,31.60769536,4.813530594,0.206211298,0.698689559,261.52
269,269,17031230600,42902,1520.0,7303,38.38795783,3.668471975,0.340070127,0.53382233,229.78
270,270,17031230700,44798,975.0,5899,37.04231924,2.226541893,0.272406229,0.22435995,216.9275
271,271,17031230800,59539,11.0,1425,28.21336279,3.662787449,0.256692464,0.518207283,378.2
272,272,17031230900,56667,1509.0,4965,45.46600666,2.205106778,0.155000181,0.15377546,211.0066667
273,273,17031231200,36330,1364.0,6782,42.43054533,3.181068417,0.152356167,0.281993757,261.52
274,274,17031231500,41722,2037.0,5772,23.74045888,5.306219784,0.14800759,0.64418019,312.0333333
275,275,17031240200,199464,537.0,1641,43.53739042,4.112306834,0.185878963,0.194723618,277.61
276,276,17031240300,167083,2026.0,1215,30.76132378,22.58362206,0.174698795,1.535283993,219.94
277,277,17031240500,209917,2819.0,2267,40.23692752,15.44160871,0.257534247,0.677570093,295.05
278,278,17031240600,138333,248.0,1506,38.83240799,5.595373529,0.066465257,0.354575163,232.01
279,279,17031240700,96324,145.0,1752,43.83618677,17.31429295,0.193910256,1.034379671,264.2
280,280,17031240800,64531,175.0,1500,36.44163179,3.148924291,0.265139116,0.230952776,205.865
281,281,17031240900,43098,558.0,928,13.39800953,25.91533093,0.204778157,3.655804481,164.96
282,282,17031241000,62011,669.0,2096,40.94152173,14.05535089,0.131132809,1.166687753,293.035
283,283,17031241100,66667,1969.0,3826,49.19297793,2.400066123,0.295498393,0.127391488,219.275
284,284,17031241200,163214,1159.0,1797,29.10214181,9.56001807,0.203341714,0.807893111,270.905
285,285,17031241300,183750,710.0,2090,51.54652181,7.251041824,0.19409667,0.388375165,441.23
286,286,17031241400,189896,10540.0,5230,42.62880786,21.83474348,0.025210084,1.070769121,199.825
287,287,17031241500,176250,8794.0,2930,39.83469795,21.67253664,0.260270621,1.509984116,199.38
288,288,17031241600,119500,5213.0,3603,51.70017009,6.850442886,0.316939891,0.279541334,338.63
289,289,17031242000,131853,5461.0,5254,65.90858848,16.3193393,0.304276818,0.623512019,208.32
290,290,17031242100,156607,5788.0,3878,50.04275505,7.139326055,0.416354528,0.341133219,272.2466667
291,291,17031242200,158906,4643.0,3347,42.25630132,9.695052342,0.271356784,0.45683558,222.625
292,292,17031242300,128833,2526.0,3306,40.74301807,7.077617705,0.225473322,0.395609152,205.86
293,293,17031242400,151625,1843.0,2679,35.31097023,32.64977518,0.089563863,2.027009584,234.695
294,294,17031242500,89176,1667.0,3282,43.80819809,5.990088062,0.181372549,0.290183179,261.52
295,295,17031242600,60735,2982.0,5752,48.74332175,7.888787951,0.231689088,0.403201566,231.3425
296,296,17031242700,51146,264.0,1669,38.47054465,3.065657543,0.269668909,0.178763441,240.06
297,297,17031242800,103333,372.0,1542,15.53644723,6.045310205,0.291242363,1.020408163,328.57
298,298,17031242900,135156,460.0,1617,20.15633781,9.486024812,0.193256579,1.171945393,158.255
299,299,17031243000,103906,1238.0,2274,29.88761294,19.79746242,0.288205858,1.335288994,337.29
300,300,17031243100,145625,1312.0,2044,30.16142997,11.99884419,0.251587118,1.696231806,142.16
301,301,17031243200,173966,1804.0,2206,29.7206882,12.10635566,0.114927345,1.33463021,187.755
302,302,17031243300,120078,2529.0,2375,37.04253827,100.4546319,0.266100606,8.990006632,251.46
303,303,17031243400,104750,3335.0,2742,32.23198552,12.59482293,0.183967986,0.924263881,208.77
304,304,17031243500,182543,12002.0,3584,21.72029488,29.83607883,0.201136792,3.260007974,171.66
305,305,17031250200,65329,178.0,2730,24.60464475,1.871007965,0.231651359,0.330979673,292.36
306,306,17031250300,35278,542.0,5118,37.81375822,0.984656461,0.199146854,0.108632303,324.8875
307,307,17031250400,49647,1168.0,4963,20.9972171,1.663810401,0.192377359,0.300965391,210.824
308,308,17031250500,115074,362.0,7452,14.94097908,2.903774693,0.104904086,0.572099149,396.2057143
309,309,17031250600,62188,523.0,4120,25.73945405,1.024635529,0.15269753,0.126750113,270.905
310,310,17031250700,44929,1055.0,5396,34.02565509,0.372969624,0.298280014,0.032762933,248.644
311,311,17031250800,45492,463.0,2427,23.07391849,5.230086703,0.27459732,1.23070306,244.08
312,312,17031251000,29276,92.0,960,8.320002515,3.562001077,0.396505376,1.205278592,127.41
313,313,17031251100,30805,823.0,4416,35.98151901,0.611073378,0.153061224,0.043947369,231.68
314,314,17031251200,51419,448.0,4487,28.71629233,1.674214785,0.147508533,0.257004224,231.0075
315,315,17031251300,37067,766.0,3934,24.74196019,0.789254164,0.166626955,0.10065108,199.56
316,316,17031251400,57952,931.0,3951,24.27905266,0.915132708,0.131589078,0.087384072,218.6
317,317,17031251500,37679,881.0,4176,26.73712248,0.470036255,0.120645587,0.057234594,258.5025
318,318,17031251600,26781,536.0,4161,35.05167777,3.470461259,0.191923077,0.456092055,263.3066667
319,319,17031251700,57898,48.0,1329,11.08978976,0.792723873,0.240466476,0.259562842,96.56
320,320,17031251800,27091,1991.0,4943,23.82281399,3.833562438,0.213657567,0.764755526,253.74
321,321,17031251900,21463,1984.0,4466,27.42617321,1.768006614,0.244406153,0.168048817,291.025
322,322,17031252000,26222,1845.0,5556,34.59988335,5.685846916,0.268260962,0.318787183,226.65
323,323,17031252101,28421,199.0,1284,17.24968544,1.222524435,0.158066067,0.150413223,339.3
324,324,17031252102,49542,2212.0,7295,44.10523127,1.060920673,0.103833264,0.11470938,203.85
325,325,17031252201,38984,662.0,2922,31.00370626,5.089367136,0.161992026,0.563787382,180.1566667
326,326,17031252202,28300,1578.0,4653,32.14368531,4.047508788,0.264024851,0.450935038,195.538
327,327,17031260100,31250,234.0,1154,14.34985341,2.337757747,0.207394541,0.354048964,442.57
328,328,17031260200,38056,148.0,1067,13.27603343,6.358062871,0.284457478,1.622222222,346.01
329,329,17031260300,37784,181.0,1430,17.79468369,2.46387928,0.418681062,0.368715084,364.78
330,331,17031260500,32109,211.0,1713,20.53726682,2.88936445,0.32424904,0.438181818,0.0
331,332,17031260600,28315,297.0,2150,26.25507641,0.662520774,0.436356639,0.099980035,164.29
332,333,17031260700,28875,336.0,1816,22.55796558,1.322725647,0.495056963,0.210282568,171.665
333,334,17031260800,24153,601.0,2659,32.83313393,1.093258495,0.272785317,0.107583289,199.825
334,335,17031260900,42208,234.0,1488,26.15204612,2.71247468,0.226775956,0.381633571,337.96
335,336,17031261000,35058,324.0,2321,19.45478106,1.117295902,0.402429791,0.172525427,111.985
336,337,17031270500,32083,467.0,1478,19.46290802,0.632083616,0.53149329,0.079470199,140.82
337,338,17031271200,33565,101.0,1263,16.07124365,2.443134427,0.55922036,0.496124031,245.42
338,340,17031271400,25391,286.0,1189,14.65337617,6.396217186,0.292365481,1.150776053,92.54
339,341,17031271500,46917,108.0,1623,40.47453209,1.870357306,0.361035017,0.15560166,206.53
340,342,17031271800,20104,96.0,841,16.5680515,3.17176729,0.386209223,0.73853211,257.5
341,343,17031280100,195677,21498.0,6447,45.49380781,187.0879762,0.687382298,11.5004624,120.7
342,344,17031280400,26625,401.0,1760,14.18300979,22.51552805,0.396825397,4.759795571,417.09
343,345,17031280800,31429,187.0,888,15.51710877,0.681494642,0.422718808,0.108938547,126.07
344,346,17031280900,17458,594.0,991,34.96867229,0.95272871,0.325268817,0.071428571,252.13
345,347,17031281900,142569,17721.0,6018,157.2812599,272.8307063,0.516363636,8.602189944,226.2033333
346,348,17031282700,59009,1255.0,2172,19.96143733,4.604976465,0.339113571,0.739106984,192.45
347,349,17031282800,76488,344.0,1600,40.37104063,5.904264692,0.53988341,0.352941176,215.92
348,350,17031283100,53967,1240.0,3257,61.97091456,7.925525911,0.571682868,0.357718925,224.64
349,351,17031283200,92500,383.0,1592,30.61214091,1.78827205,0.212983464,0.141552511,41.57
350,352,17031283800,125833,866.0,3605,33.35052544,2.3782363,0.2819534,0.215637568,255.48
351,353,17031290900,30056,1235.0,3746,17.06632081,1.098027379,0.680463576,0.258273469,263.865
352,354,17031291200,17857,575.0,2480,31.94923884,1.012392661,0.480620155,0.089344018,152.885
353,355,17031292200,38212,577.0,2705,27.36903616,0.357135826,0.435616438,0.037343611,333.94
354,356,17031292400,41875,407.0,2203,26.46055022,11.16153307,0.394678492,1.504882424,282.98
355,357,17031292500,44732,783.0,3897,24.77129634,3.833576112,0.360995851,2.112937069,285.32
356,358,17031300500,36184,65.0,2889,39.59209728,5.254526522,0.665137615,0.390524756,291.695
357,359,17031300600,44931,180.0,3186,40.0743859,3.967561338,0.353720366,0.420925249,112.655
358,360,17031300700,37730,190.0,4721,56.84835389,2.222522457,0.352640545,0.144128206,218.1566667
359,361,17031300800,30313,109.0,4070,50.5554458,2.075122307,0.51396648,0.139803957,225.305
360,362,17031300900,31204,187.0,4402,56.40010433,5.092201481,0.470899471,0.344452262,297.2833333
361,363,17031301100,37946,45.0,2423,48.90777246,2.220156388,0.536690987,0.131928948,239.39
362,364,17031301200,33866,407.0,4087,41.24859536,3.145987092,0.162771268,0.423656028,206.0866667
363,365,17031301600,29385,68.0,4881,60.09003301,2.951556477,0.199095023,0.199777618,226.65
364,366,17031301701,39076,77.0,3943,48.153189,3.853866729,0.457350723,0.307722324,159.1466667
365,367,17031301702,44706,29.0,4387,54.66898474,1.222595814,0.280060883,0.090585658,168.9833333
366,368,17031301801,37816,48.0,3625,35.29949953,0.488933689,0.266469712,0.102966883,417.085
367,369,17031301802,35846,170.0,3509,42.30131358,5.197592786,0.386020781,0.457075772,265.0933333
368,370,17031301803,40844,76.0,5011,61.193379,11.90282072,0.566509287,0.611292222,273.14
369,371,17031310200,74236,349.0,1652,21.62642844,4.100997395,0.14,0.462312441,251.46
370,372,17031310300,53500,735.0,1803,23.07303715,8.407645817,0.452578623,0.908713693,194.46
371,373,17031310400,97083,185.0,1181,38.53778318,2.904202119,0.4527638,0.170498084,219.94
372,374,17031310500,35365,307.0,1495,43.45438844,18.57348108,0.353708906,1.212523719,304.43
373,375,17031310600,51597,3203.0,4432,36.29601938,9.908022061,0.244800085,0.730482316,158.2533333
374,376,17031310700,58371,244.0,1460,36.92006207,3.262115073,0.21323176,0.24665392,248.11
375,377,17031310800,62861,1211.0,4219,45.00892433,7.754952857,0.331341081,0.57914351,179.2633333
376,378,17031310900,36996,1223.0,5391,54.93161971,9.070072916,0.248732181,0.550012218,247.2166667
377,379,17031320100,181226,41613.0,13379,88.34879698,323.0988481,0.255569469,8.958884479,183.7325
378,380,17031320400,250000,9756.0,3204,32.03148283,366.1326453,0.293736397,52.02130682,99.24
379,381,17031320600,178881,14010.0,4923,60.9612215,49.11798629,0.244761509,1.254481829,212.565
380,382,17031330100,180539,29777.0,19889,67.08887053,29.87490251,0.158378411,1.105838796,124.055
381,383,17031330200,159583,1394.0,3475,37.68299341,1.292503454,0.253373113,0.156461109,232.685
382,384,17031340400,53173,28.0,2031,28.31171687,5.143783124,0.18277137,0.540263543,186.42
383,385,17031340500,24395,180.0,1712,22.89362901,2.072729262,0.066520468,0.181924883,257.5
384,386,17031340600,16114,129.0,1067,11.40401957,22.88285463,0.179356713,4.979069767,261.52
385,387,17031350100,79125,1019.0,2251,19.49194662,0.903955984,0.208616633,0.073567827,335.28
386,388,17031350400,19444,195.0,2021,46.81773746,0.555975111,0.217397911,0.036474164,398.31
387,390,17031351100,11457,885.0,2213,36.22712626,5.477885368,0.296934866,2.873691637,297.73
388,391,17031351400,16622,257.0,1836,22.93573111,4.934430168,0.320683112,0.500633714,405.02
389,392,17031351500,13707,63.0,773,20.74040844,1.137432796,0.457110827,0.051446946,246.095
390,393,17031360200,36802,148.0,1503,31.3732137,0.062621185,0.411089866,0.00456621,146.18
391,394,17031380100,49940,197.0,1983,19.20118054,1.326556598,0.300986815,0.130228137,343.33
392,396,17031380500,22019,21.0,866,21.34301278,0.640783293,0.434754067,0.078787879,166.3
393,397,17031380700,45495,163.0,1275,21.10533699,3.757577644,0.345170455,0.519450801,387.58
394,398,17031381200,87250,462.0,1724,37.96260196,1.153812543,0.386717733,0.110031968,200.495
395,399,17031381400,26321,497.0,1586,20.26724393,1.252326548,0.164164732,0.141823444,218.6
396,401,17031381800,44286,206.0,1254,15.89971407,1.519730443,0.3490701,0.188369102,165.63
397,402,17031381900,54308,95.0,1267,29.82925978,23.84184199,0.279648609,2.056251984,194.465
398,403,17031390100,104563,356.0,1570,21.30385278,3.419471911,0.457746479,0.380090498,425.14
399,404,17031390200,102031,193.0,1656,23.51112533,1.463320175,0.7,0.125422298,460.005
400,405,17031390300,24405,973.0,2843,45.04625622,2.764792298,0.228082665,0.150069641,223.295
401,406,17031390400,68750,652.0,2480,32.6419916,1.964561504,0.740121581,0.105707096,272.915
402,407,17031390500,82333,56.0,1496,18.54660431,0.694257915,0.344938528,0.07436919,343.33
403,408,17031390600,121250,227.0,1756,25.26903849,1.459157056,0.186635945,0.126112751,327.9
404,409,17031390700,117125,1837.0,5639,79.20001088,2.961358724,0.600760456,0.099729368,242.7466667
405,410,17031400300,34500,417.0,1317,12.59739426,1.645217778,0.138263666,0.281045752,237.38
406,411,17031400400,35881,414.0,2120,28.12632711,0.558762523,0.531202435,0.060220843,252.13
407,412,17031400500,22419,841.0,1797,22.52447508,0.488531736,0.479087452,0.050510077,325.22
408,413,17031400800,23134,1033.0,2706,22.11503462,2.014922159,0.322071249,0.187470487,202.505
409,414,17031410100,101289,1178.0,2176,60.16492979,6.48877398,0.433333333,0.236971345,184.405
410,415,17031410200,78417,53.0,1586,99.00896335,0.936402554,0.3798627,0.022288262,111.31
411,416,17031410500,128307,439.0,2440,37.99584124,3.158979942,0.445289297,0.139832793,211.225
412,417,17031410600,83125,79.0,2699,45.46088641,15.2344176,0.342981187,0.850615922,219.275
413,418,17031410700,100927,911.0,2089,39.19759943,8.01214694,0.318181818,0.414563107,331.26
414,419,17031410800,77788,3130.0,3051,50.17023593,22.44163042,0.0,0.859679835,222.63
415,420,17031410900,115179,677.0,3369,48.85814839,7.697685868,0.365324331,0.290425225,88.51333333
416,421,17031411000,103438,1000.0,3169,50.50628474,15.1681618,0.311235971,0.559833617,210.5566667
417,422,17031411100,188819,54.0,2295,40.50337933,2.30668882,0.205128205,0.157271485,270.235
418,423,17031411200,200000,37.0,1551,19.24099329,3.4260306,0.138356661,0.719423795,285.66
419,424,17031420100,24107,156.0,1447,22.02552312,3.181295323,0.438292867,0.276821192,284.32
420,425,17031420200,41618,123.0,1672,24.55259071,8.517047016,0.441899555,0.95709571,325.89
421,426,17031420300,51447,152.0,2737,45.18820715,0.478793572,0.273572377,0.040166205,128.75
422,427,17031420400,27000,139.0,1131,19.32056855,4.578171857,0.287160941,0.376933896,236.04
423,428,17031420500,40063,920.0,1659,27.30145018,1.020561879,0.285553115,0.07699655,77.115
424,429,17031420600,27813,540.0,2097,34.83420295,0.697528485,0.39379085,0.043124884,181.05
425,430,17031420700,25024,1174.0,3036,19.21856262,0.508260326,0.41289521,0.082163655,218.872
426,431,17031420800,46389,771.0,2158,25.45895592,1.501996657,0.483763468,0.158108558,236.035
427,432,17031421200,57778,83.0,1210,15.2659857,1.424078282,0.611503004,0.22512628,217.93
428,433,17031430101,31926,1952.0,3118,38.58424119,2.796637821,0.550308943,0.185825166,208.545
429,434,17031430102,38629,708.0,3046,63.12831693,0.450199832,0.436849926,0.010644396,186.4166667
430,435,17031430200,33085,1659.0,4961,30.96765658,0.990167677,0.393448451,0.081185359,232.548
431,436,17031430300,16935,502.0,2398,24.40438709,2.138654911,0.327983792,0.211319488,300.8566667
432,437,17031430400,44386,678.0,2756,20.14137908,1.623750735,0.387378641,0.198549937,338.9675
433,438,17031430500,19532,1344.0,3569,44.77182323,2.917124949,0.50626763,0.152857517,194.91
434,439,17031430600,46806,758.0,1920,23.38303581,2.32419085,0.358083168,0.285256456,290.355
435,441,17031430800,72637,110.0,1756,21.66252538,0.678097793,0.270851581,0.086503752,287.67
436,442,17031430900,56513,126.0,1572,19.57667795,1.138728747,0.331897854,0.156476998,270.905
437,443,17031431200,69500,235.0,2828,17.46519825,0.994123193,0.537748344,0.1456321,209.215
438,444,17031431301,38125,904.0,3580,36.63392471,0.701543882,0.429042904,0.062490946,331.7033333
439,445,17031431302,34141,1531.0,4204,38.0332128,1.26637223,0.409972299,0.097017531,322.3166667
440,446,17031431400,30774,1758.0,6979,44.76267112,3.612163966,0.521800281,0.164233153,151.21
441,447,17031440101,21512,1928.0,4105,46.76891911,0.841898743,0.437487222,0.043430206,295.3825
442,448,17031440102,41334,1086.0,3266,26.08722965,3.124225033,0.454914789,0.25339424,237.3775
443,449,17031440201,40269,1718.0,4890,36.73546768,1.431875598,0.427407606,0.07495773,218.265
444,450,17031440202,49861,569.0,3213,18.21939883,2.235809348,0.357342658,0.261073675,298.6233333
445,451,17031440300,67159,747.0,4577,14.8502178,0.937357452,0.491794237,0.148352381,286.998
446,452,17031440600,68606,105.0,1807,11.13449842,0.452683112,0.405347395,0.113333334,272.245
447,453,17031440700,61000,44.0,1440,17.7961568,3.165812407,0.518478553,0.465854007,221.285
448,454,17031440800,26875,117.0,1693,25.84489132,0.439563567,0.521606729,0.041236906,176.36
449,455,17031440900,65233,244.0,2547,15.57323332,0.366988945,0.549099816,0.060367351,415.3
450,456,17031450300,59938,527.0,3781,11.30750088,14.5150423,0.434909272,2.856605172,245.76
451,457,17031460100,39659,231.0,3424,19.45410322,0.87942378,0.554400237,0.151455437,242.4075
452,458,17031460301,38846,79.0,3124,25.99698183,1.238844776,0.374583769,0.153396892,348.2433333
453,459,17031460302,29980,409.0,3483,21.15503852,0.350680673,0.472041118,0.050376406,466.3725
454,460,17031460400,58704,320.0,3374,23.64511741,0.483101953,0.217363344,0.052369636,459.6675
455,461,17031460500,78553,1008.0,5647,17.99543882,2.146966278,0.397993387,0.472511349,300.9842857
456,462,17031460700,25625,97.0,2636,25.58658552,0.752723697,0.284946237,0.087273106,182.84
457,463,17031461000,44732,85.0,1313,9.469283431,11.96461631,0.382936916,2.171465969,72.42
458,464,17031470100,59732,409.0,2336,6.747577326,4.746948816,0.532959032,2.069622779,398.315
459,465,17031480100,78281,63.0,2192,15.2687318,1.84912,0.380624579,0.303640192,270.24
460,466,17031480200,56250,21.0,1139,16.52782867,4.232046588,0.463147178,0.464638158,241.4
461,467,17031480300,66071,64.0,1103,10.71654235,1.716733098,0.392321179,0.398149644,251.46
462,468,17031480400,71438,726.0,5584,12.75934354,3.568871434,0.516243629,0.606135791,319.3771429
463,469,17031480500,50313,88.0,2938,10.60145732,0.701802726,0.210950858,0.245058484,382.6666667
464,470,17031490300,70000,121.0,2340,14.9927724,0.339774452,0.266945172,0.06096865,250.79
465,471,17031490500,59922,237.0,2008,7.919282288,0.191614606,0.069595629,0.145466764,101.255
466,472,17031490600,43073,146.0,1498,8.905476511,0.190237148,0.329187779,0.057553957,516.33
467,473,17031490700,56250,156.0,2720,17.85025702,0.1809779,0.348408542,0.034437891,380.4333333
468,474,17031490800,45385,246.0,4116,16.82376983,1.232288501,0.353645772,0.18829284,240.596
469,475,17031490901,45819,449.0,3689,18.05167988,0.279161408,0.17827054,0.044345986,211.8966667
470,476,17031490902,56296,653.0,4355,15.05680425,0.526934085,0.461457991,0.087460318,302.4225
471,477,17031491000,58889,645.0,4239,12.69119942,2.768403813,0.340697784,0.652277214,444.984
472,478,17031491100,63301,346.0,4160,13.00231371,0.955654449,0.245839026,0.2228744,382.218
473,479,17031491200,55000,88.0,2110,13.06212977,1.422809261,0.333275682,0.312670389,373.7266667
474,480,17031491300,35417,123.0,2605,16.31579105,3.558769354,0.255642138,0.970267746,330.92
475,481,17031491400,35284,418.0,3567,24.00197444,1.815484055,0.234135494,0.329598938,206.9766667
476,482,17031500100,67044,228.0,3208,8.018404006,0.966407753,0.325068871,0.40906779,441.8975
477,483,17031500200,35833,1308.0,2131,5.881078599,2.71817219,0.308809512,2.574960584,250.79
478,484,17031500300,45903,30.0,1477,10.19014798,2.698507875,0.651832461,0.878702803,398.315
479,485,17031510200,52188,72.0,3321,12.35059287,0.334476851,0.386381527,0.135125402,363.8866667
480,486,17031510300,30741,1502.0,5126,10.25649352,1.179208389,0.160448717,0.495004041,204.855
481,487,17031520400,54093,2.0,4656,26.75756766,1.440589722,0.231578948,0.193483561,202.845
482,488,17031530100,48958,21.0,2236,15.32135667,0.853170389,0.391537766,0.18437633,248.11
483,489,17031530200,51563,464.0,3920,12.24281274,0.169508231,0.150074773,0.048220995,278.686
484,490,17031530300,52045,288.0,4440,14.20078201,0.708437314,0.276161796,0.271774799,306.445
485,491,17031530400,70556,80.0,2053,6.739818969,1.259726449,0.158990523,0.831989109,595.455
486,492,17031530501,51086,619.0,4644,14.42589163,0.195345318,0.198813056,0.040409499,375.1775
487,493,17031530502,57667,14.0,1552,8.903087427,0.040155678,0.127366406,0.013513514,603.5
488,494,17031530503,55066,426.0,5973,15.89944584,0.291070535,0.14028777,0.061160956,295.4933333
489,495,17031530600,42976,204.0,2653,12.23459258,0.169693303,0.207523588,0.043964008,117.57
490,496,17031540101,22452,635.0,4055,8.85939004,0.197185475,0.172699741,0.08204354,335.2775
491,497,17031540102,21125,348.0,3207,8.382568252,0.455062235,0.29405781,0.954197374,350.0333333
492,498,17031550100,74219,136.0,6479,10.11280766,1.358556579,0.252065239,1.063572733,354.0566667
493,499,17031550200,79464,39.0,2726,6.540797587,0.141104772,0.384771945,0.31139008,455.31
494,500,17031560100,72188,15.0,1539,8.975817091,5.056551929,0.206847824,2.535087719,386.24
495,501,17031560200,63214,5.0,1654,8.309726123,0.673931726,0.133414894,0.306513014,485.93
496,502,17031560300,54119,29.0,3145,21.56304761,1.952537314,0.335459527,0.30792652,441.23
497,503,17031560400,56202,11.0,1585,18.88628938,2.895500518,0.365224922,0.534065934,227.99
498,504,17031560700,69631,82.0,3726,23.13760201,4.077158548,0.170770959,0.547304938,278.285
499,505,17031560800,86000,95.0,5886,18.31918158,2.769399105,0.241361713,0.424485341,306.848
500,506,17031560900,107159,53.0,5341,16.03865722,1.84308191,0.236393148,0.317119114,448.3833333
501,507,17031561000,129617,26.0,6064,19.20434796,2.075072048,0.208309798,0.326849677,397.4183333
502,508,17031561100,101985,50.0,5502,18.49838653,0.984026287,0.062736307,0.20391265,354.7283333
503,509,17031570100,54514,121.0,1302,3.462873521,10.03488617,0.250793901,9.091566265,236.04
504,510,17031570200,74659,151.0,2074,4.763159465,9.774352306,0.140495868,6.97704918,270.91
505,511,17031570300,52786,434.0,5691,27.27960315,6.508977004,0.263151155,0.978773611,365.455
506,512,17031570500,52986,87.0,2290,21.7696045,2.46990992,0.112846041,0.402800478,242.74
507,513,17031580100,46500,113.0,2758,15.49474169,3.596304079,0.094099333,0.693931333,253.475
508,514,17031580200,36944,78.0,3784,27.58573305,3.50315038,0.056463049,1.240647397,148.19
509,515,17031580300,54130,32.0,2555,21.95223842,6.461089352,0.109433962,1.07275321,75.1
510,516,17031580400,51216,183.0,4712,26.09230316,3.242537147,0.307205194,0.386145203,265.2075
511,517,17031580501,38989,180.0,4981,40.82339474,1.837292684,0.308930745,0.173185588,185.075
512,518,17031580502,42516,101.0,5581,45.41300743,10.35303938,0.122799157,1.081044839,288.34
513,519,17031580600,61386,183.0,5174,45.03971922,2.235343158,0.233304898,0.17918646,245.4225
514,520,17031580700,44802,169.0,6238,42.29603634,0.816079147,0.145520187,0.116943509,426.92
515,521,17031590500,76923,85.0,1842,24.18707402,5.449313636,0.150579151,0.657686212,226.65
516,522,17031590600,51176,96.0,3678,42.8543733,0.511715856,0.155743229,0.03666974,343.7766667
517,523,17031590700,51818,146.0,3393,26.90256789,3.060479105,0.216333172,0.776424918,223.965
518,525,17031600600,37909,78.0,3125,34.20880746,2.423168148,0.529156215,0.237453049,261.52
519,526,17031600700,44911,48.0,2579,24.7973521,1.072346943,0.146963055,0.104061625,209.215
520,527,17031600900,60750,328.0,3466,36.13169386,2.541980681,0.128750766,0.184920601,224.975
521,528,17031610300,42466,856.0,5941,19.32088203,2.938299765,0.087719298,1.534436522,486.8233333
522,529,17031610400,42721,27.0,1981,49.12977796,3.075261215,0.21848713,0.212692967,257.5
523,530,17031611000,29750,25.0,891,6.351959736,2.545061309,0.106228611,1.218430034,308.46
524,531,17031611100,31250,25.0,2326,28.6763913,0.40424547,0.092307692,0.043006841,254.3633333
525,532,17031611200,27773,77.0,2496,32.72063193,2.204387779,0.151532285,0.263642931,374.175
526,533,17031611300,37917,44.0,2521,30.9363951,4.391776944,0.051241613,0.392365334,324.9966667
527,534,17031611400,43299,52.0,3060,41.03867803,1.435237165,0.052589998,0.112586293,239.1666667
528,535,17031611500,35884,100.0,3362,38.84715315,1.605740525,0.070157692,0.244253856,265.545
529,536,17031611600,37583,15.0,1608,20.35571872,0.708526051,0.071004771,0.081125885,228.66
530,537,17031611700,29083,27.0,1706,20.70384521,4.281625768,0.079518072,0.653013207,220.39
531,538,17031611800,58092,59.0,2390,28.57785816,0.287366386,0.142622951,0.031558186,330.585
532,539,17031611900,25658,107.0,1729,15.66582881,0.332018388,0.174828277,0.057611477,374.845
533,540,17031612000,57798,37.0,1373,16.38087313,0.079468995,0.180037958,0.014955868,208.54
534,541,17031612100,38958,22.0,1042,13.08206561,0.150657185,0.167901632,0.033898305,211.9
535,542,17031620100,64438,135.0,4819,24.76838202,2.426828586,0.137727206,0.497747212,477.4366667
536,543,17031620200,75833,69.0,2230,18.38370094,3.706667345,0.099527243,1.11304859,282.305
537,544,17031620300,63587,188.0,7784,34.56758319,1.914128725,0.142653352,0.279740588,312.4816667
538,545,17031620400,78656,57.0,4503,28.01955528,0.771459009,0.197157576,0.110461119,212.5675
539,546,17031630300,52286,181.0,5474,25.56893293,5.404691705,0.158440964,1.257867204,434.525
540,547,17031630400,36221,150.0,6829,41.98554505,1.444879104,0.232495621,0.131825559,217.2625
541,548,17031630500,48859,146.0,6098,38.66763034,1.107036242,0.165344982,0.119124939,244.7525
542,549,17031630800,53273,148.0,7111,43.88183833,2.042703795,0.136957131,0.19108678,266.215
543,550,17031630900,46113,88.0,5290,36.72212056,1.975504934,0.093309859,0.211652195,359.8666667
544,551,17031640100,55750,11.0,1472,19.50226182,1.669351215,0.150554675,0.259259259,276.27
545,552,17031640300,72284,94.0,7157,25.35380387,1.501176051,0.210040058,0.177457147,240.9533333
546,553,17031640400,69857,8.0,3701,14.31945293,4.444428562,0.139121301,1.563857916,354.055
547,554,17031640500,92975,42.0,3970,24.35136566,0.331026755,0.220410339,0.033962379,211.9
548,555,17031640600,54252,56.0,4022,24.83207389,1.885033952,0.213086702,0.211305234,192.23
549,556,17031640700,62333,43.0,3608,22.54686571,2.338921809,0.266806723,0.339599417,240.395
550,557,17031650100,42123,94.0,4415,26.47187009,1.620747694,0.174036139,0.255074591,231.0075
551,558,17031650200,60868,282.0,7211,30.51416756,3.968109782,0.259993317,0.468045837,284.095
552,559,17031650301,64750,181.0,5276,22.75215032,2.246294694,0.152658662,0.364454753,370.15
553,560,17031650302,49680,39.0,4195,25.43272769,1.716126138,0.183333333,0.286556793,386.915
554,561,17031650400,57022,169.0,6530,24.22027656,0.997740214,0.515358362,0.13597225,263.932
555,562,17031650500,74718,930.0,4549,19.32094241,3.608143553,0.290912369,2.179963153,475.2066667
556,563,17031660301,31146,54.0,1507,37.23697016,2.273258961,0.291155831,0.171962617,168.98
557,564,17031660302,36713,171.0,5020,41.30431962,1.572307676,0.300157723,0.122412296,255.4825
558,565,17031660400,60069,107.0,6034,37.78289414,0.885444136,0.227937703,0.101151679,260.51
559,566,17031660500,45139,111.0,4720,28.97926139,1.246437607,0.252949463,0.121511984,348.6925
560,567,17031660600,31205,1040.0,5845,35.60953664,1.677628908,0.235765866,0.13991861,217.798
561,568,17031660700,27000,172.0,1666,14.1214829,3.629900479,0.25437674,0.742806839,243.415
562,569,17031660800,37854,630.0,4887,30.39289311,0.420389991,0.240885094,0.040621934,208.678
563,570,17031660900,36991,906.0,4694,30.5209124,4.733511702,0.539862025,0.942173526,360.3133333
564,571,17031661000,43235,787.0,5157,18.47188224,2.48069195,0.376838836,0.437247978,299.338
565,572,17031661100,64419,269.0,6851,27.62401683,0.400125993,0.471751412,0.059642436,282.172
566,573,17031670100,36587,33.0,944,11.73069015,0.383791424,0.053938178,0.092261905,266.21
567,574,17031670200,35833,29.0,884,10.95570833,0.532913414,0.140086207,0.13030303,261.52
568,575,17031670300,33750,22.0,1126,14.4227236,3.872140713,0.084819534,0.642542046,227.99
569,576,17031670400,39000,47.0,1656,20.53115944,0.074388259,0.095844498,0.011450382,307.12
570,577,17031670700,34063,43.0,1072,13.28896208,2.270303212,0.250847458,0.456098389,240.06
571,578,17031670800,27917,59.0,1263,14.72092026,0.862384945,0.205342237,0.104567308,300.41
572,579,17031670900,34271,33.0,1457,18.20236909,0.221327007,0.210960885,0.035894028,285.655
573,580,17031671100,36042,26.0,1044,17.23129414,1.634002031,0.162220106,0.331103679,268.22
574,581,17031671200,35208,19.0,939,15.47687028,1.64069412,0.140065838,0.380033794,313.82
575,582,17031671300,32614,135.0,1905,16.08425603,0.172324615,0.135354406,0.028772615,282.5266667
576,583,17031671400,42321,39.0,1394,11.37040115,0.13758144,0.16565782,0.038642076,311.14
577,584,17031671500,32163,362.0,2343,13.06686552,1.574194748,0.24691358,0.403037467,221.73
578,585,17031671600,30242,117.0,2016,20.45740089,0.337355037,0.071776704,0.06435339,291.0233333
579,586,17031671800,38698,17.0,1256,15.67678494,0.124815167,0.063467377,0.026525199,376.85
580,587,17031672000,37354,336.0,4064,21.38945782,0.428693934,0.059822174,0.205817818,285.3225
581,588,17031680500,23864,60.0,1333,15.73622726,0.027023346,0.204218801,0.00483871,244.085
582,589,17031680600,21250,23.0,1308,15.50571743,0.172230963,0.09032089,0.04404762,293.035
583,590,17031680900,23808,1357.0,3430,13.5717677,4.05204627,0.131998161,0.674838993,472.075
584,591,17031681000,24604,528.0,2641,15.64798159,0.823719216,0.078015873,0.133999152,248.44
585,592,17031681100,30330,607.0,2910,18.67857174,0.803320941,0.096256608,0.173168237,226.382
586,593,17031681200,24275,566.0,2511,13.63758839,0.292277618,0.095791072,0.117117916,246.7675
587,594,17031681300,30156,388.0,2279,17.55703645,0.107799057,0.03674833,0.018444974,332.5966667
588,595,17031681400,40156,274.0,2433,14.29670354,0.531798089,0.082067386,0.110383954,218.265
589,596,17031690300,19167,396.0,2454,17.50101082,7.305195983,0.108778389,1.451418503,165.63
590,597,17031690400,29207,1071.0,3031,18.8371513,1.106796775,0.426168224,0.122652407,240.3975
591,598,17031690500,33833,85.0,624,7.814350752,0.776425876,0.23502172,0.193146417,166.3
592,599,17031690900,61125,1435.0,4229,25.5693581,1.004894683,0.152534239,0.144404059,220.748
593,600,17031691000,71016,513.0,2550,16.40380504,0.977888063,0.23134654,0.150907298,251.125
594,601,17031691100,25729,730.0,2993,19.48229391,0.603299064,0.352144063,0.076881224,170.6575
595,602,17031691200,31250,906.0,2969,14.49007055,0.896642392,0.37841125,0.231010362,237.3766667
596,603,17031691300,46250,300.0,2707,16.91825174,1.587132682,0.310453106,0.253439121,259.51
597,604,17031691400,38056,1027.0,2901,18.09382531,1.983294108,0.300734453,0.252599889,214.848
598,605,17031691500,31081,322.0,1939,14.56293353,2.602023057,0.301998159,0.411891363,274.4833333
599,606,17031700100,73523,199.0,3552,9.543421527,1.298274322,0.130906295,1.049247787,464.03
600,607,17031700200,74915,192.0,6638,19.17909196,2.277513206,0.291282642,0.620394837,312.48
601,608,17031700301,75737,116.0,6389,21.90139648,2.4281511,0.478787879,0.593947927,578.47
602,609,17031700302,80195,127.0,5899,18.24910279,0.596524358,0.374731183,0.103232275,434.8575
603,610,17031700401,79722,243.0,6643,18.12376779,0.734982643,0.349236641,0.188776317,364.445
604,611,17031700402,65871,150.0,4498,17.08176274,1.381892444,0.262857143,0.312618335,432.7333333
605,612,17031700501,73688,813.0,6994,17.86969888,1.256726046,0.464650538,0.3134944,466.04
606,613,17031700502,121182,136.0,3373,15.60236008,0.999189792,0.243392706,0.226085343,619.6
607,614,17031710100,22303,52.0,1097,20.63769398,0.507946889,0.433106085,0.055214724,225.31
608,615,17031710200,33995,1278.0,4329,25.46712378,0.496782914,0.265656566,0.051898405,302.022
609,616,17031710300,36985,140.0,1471,18.17277389,4.348617545,0.140468227,0.653061224,374.17
610,617,17031710400,63042,1090.0,5514,21.19341579,0.278850254,0.590185863,0.041202066,239.8383333
611,618,17031710500,31804,860.0,4283,30.25168746,0.963784966,0.365540847,0.095883517,280.9675
612,619,17031710600,38269,137.0,1767,29.19633758,0.578130218,0.428943673,0.050287357,270.905
613,620,17031710700,40882,551.0,2778,23.17041483,2.745438095,0.378933802,0.247221805,248.4425
614,621,17031710800,33325,1311.0,4741,23.23615919,1.657554429,0.477541738,0.264410176,154.675
615,622,17031710900,37153,252.0,2018,8.996640987,1.487399547,0.421750663,0.465483972,413.065
616,623,17031711000,38664,393.0,3012,16.35906998,0.19011411,0.252459016,0.030098133,249.0033333
617,624,17031711100,49750,214.0,2310,16.93689981,0.776902286,0.236364016,0.134414803,337.5133333
618,625,17031711200,70224,555.0,5007,20.6602461,0.936029004,0.338651659,0.117134857,233.02
619,626,17031711300,67273,43.0,1794,21.39075581,1.40952836,0.311309524,0.180249183,248.78
620,627,17031711400,46083,263.0,2591,15.50300342,1.151353082,0.669397193,0.255993765,264.65
621,628,17031711500,44583,148.0,2559,16.08683156,0.032038323,0.545705342,0.006793479,342.655
622,629,17031720100,172935,57.0,3409,9.213810403,1.554429992,0.384350359,0.508741172,415.7466667
623,630,17031720200,93318,155.0,4047,10.86336024,1.544090773,0.511376849,0.383461086,386.2433333
624,631,17031720300,123715,74.0,4100,13.94200173,4.434933424,0.383734773,1.037449226,462.015
625,632,17031720500,156992,121.0,2101,13.81591857,2.304268852,0.348601611,0.433450262,322.54
626,633,17031720700,107292,66.0,3066,11.58404769,0.665411436,0.472903341,0.128865185,538.6833333
627,634,17031730100,69643,115.0,2695,17.96116034,0.300178645,0.407026561,0.052402244,320.5266667
628,635,17031730201,52344,1123.0,5708,24.36311211,0.48401775,0.560747664,0.054126078,455.982
629,636,17031730202,71364,254.0,3550,17.78598047,1.262168017,0.336661146,0.336822695,605.2933333
630,637,17031730300,57188,80.0,1137,15.63833213,3.741096165,0.268796962,0.647619048,160.93
631,638,17031730400,98207,317.0,4067,13.96589257,1.900089974,0.39817909,0.440675359,353.0475
632,639,17031730500,61485,504.0,4359,15.41836856,0.433569904,0.423923586,0.099283586,376.52
633,640,17031730600,48523,252.0,3559,14.49584067,0.159686596,0.287909744,0.032897312,277.61
634,641,17031730700,53777,169.0,2279,11.43725952,1.00989727,0.372377676,0.18633253,284.985
635,642,17031740100,105577,18.0,3182,14.26480002,2.946907061,0.612344425,0.536895726,182.7275
636,643,17031740200,123625,77.0,6661,15.72410104,2.396962253,0.111267197,0.929097868,424.4625
637,644,17031740300,140000,38.0,4947,16.32785391,0.799921772,0.07705936,0.174483498,456.248
638,645,17031740400,110234,42.0,4552,12.59835045,1.069545422,0.04897099,0.183212103,463.0225
639,646,17031750100,46094,244.0,3814,12.84361894,0.591564297,0.077847009,0.129423209,420.4425
640,647,17031750200,112083,57.0,2778,8.736049988,1.070180548,0.033236663,0.278016048,413.065
641,648,17031750300,110536,31.0,2494,15.34284312,2.217451007,0.073610132,0.412110093,333.49
642,649,17031750400,119803,21.0,3032,14.03384036,2.804095553,0.087666925,0.553908849,557.9066667
643,650,17031750500,68327,1152.0,5893,9.496713579,2.367760543,0.058237477,0.773056667,431.5025
644,651,17031750600,56023,271.0,3663,14.15393603,0.591366608,0.445807771,0.199387981,347.015
645,652,17031760801,75553,698.0,4298,15.60995107,44.92216152,0.316457856,5.928822041,216.595
646,653,17031760802,90382,28.0,2544,4.217955488,1.785667477,0.322820037,0.95903829,494.87
647,654,17031760803,52658,171.0,5707,49.56972019,2.780353172,0.278002112,0.128138995,364.1175
648,656,17031770500,41088,3.0,4223,7.042633896,4.957647091,0.372882638,64.89846114,396.3
649,657,17031770602,74500,9.0,5211,5.09511865,6.028808108,0.420193444,6.010902297,393.3933333
650,658,17031770700,80921,1384.0,2451,2.139127213,24.16607217,0.278500204,35.83265878,358.08
651,659,17031770800,62585,3.0,5464,6.18493794,4.578914365,0.319856832,2.217827816,316.5
652,660,17031770902,81974,,3473,13.50898741,1.532376147,0.252784422,0.290747915,395.635
653,661,17031800200,250000,,6421,5.966222927,1.726966765,0.226255242,0.811665522,786.5666667
654,662,17031800700,233750,,4861,7.367382078,1.598448027,0.242710204,0.966895791,634.35
655,663,17031801100,199306,,4880,10.75344368,2.53148904,0.189950981,0.784653934,296.0525
656,664,17031801200,250000,,3503,8.320492815,1.393529167,0.228151413,0.420859156,523.0366667
657,665,17031802200,166691,,4792,5.469503743,3.020300955,0.207871631,1.196972707,129.6433333
658,666,17031802300,189527,,5386,4.915351595,4.996574449,0.008385744,2.425786442,95.22
659,670,17031805402,100625,,5040,11.04890824,4.073450809,0.035490253,1.076141655,108.632
660,671,17031805501,147279,,3946,10.59239167,4.082193648,0.03346656,1.491323639,371.9366667
661,672,17031805502,198406,,3998,9.295170963,6.301739395,0.048449901,1.918552586,600.8225
662,673,17031805901,103077,,4146,7.10520614,5.817924339,0.122041552,2.051409204,236.4833333
663,674,17031806001,61134,,5576,16.98545472,4.323088902,0.237426439,0.447141454,517.3375
664,676,17031806102,113828,,3581,4.720305691,3.252045175,0.216666667,1.852001742,463.58
665,677,17031806502,88507,,4483,9.170925778,3.810809574,0.108498656,1.38344285,309.13
666,678,17031806600,90865,10.0,3717,6.472966414,7.877150039,0.141593719,4.290371775,347.35
667,679,17031806801,91364,2.0,4064,14.57888179,5.556488556,0.148070063,2.856344962,297.0575
668,680,17031806900,100481,14.0,5068,9.60980271,9.805079265,0.099167898,4.432699652,259.2833333
669,681,17031807100,126350,,3485,9.498347052,1.874246762,0.064741049,0.547681926,509.18
670,682,17031807300,72273,,7783,16.19861062,4.173946033,0.042924847,0.751352015,308.19
671,683,17031807600,72011,107.0,6261,9.798792316,5.019785561,0.011529585,4.891444029,411.452
672,684,17031807700,85056,,5080,12.38907356,5.023099114,0.089977188,0.907634708,376.5225
673,685,17031807800,125500,6.0,2678,5.342362909,9.783357016,0.190244552,7.950368933,85.16
674,686,17031807900,156125,,4052,8.373986363,4.667267413,0.105730006,1.682906042,344.6666667
675,687,17031808001,108750,,3617,8.014150891,5.785405372,0.062029295,2.05329227,303.5433333
676,688,17031808002,105516,71.0,4870,8.681296656,7.950832426,0.02092499,3.862176325,351.04
677,689,17031808100,70726,19.0,3634,3.79661656,6.815957728,0.097580182,8.229756894,328.575
678,690,17031808200,80577,,5429,10.28051539,5.040443277,0.246528435,2.068613876,193.12
679,691,17031808301,98367,1.0,5829,8.979651036,6.53604129,0.111233603,2.014579342,348.3575
680,692,17031808702,175000,,5255,32.5766273,130.7284931,0.10062333,26.53227003,188.425
681,693,17031808800,226806,1.0,3732,8.309091808,15.44655486,0.122380528,6.483754868,89.18
682,694,17031808900,195625,,4175,12.2653357,2.059819179,0.088067226,0.420305071,290.5766667
683,695,17031809200,60042,,4823,19.40069764,2.739299762,0.044822805,0.503542777,243.0775
684,696,17031809300,184083,17.0,4431,22.65973201,9.031646346,0.043852292,1.479251324,424.2433333
685,697,17031809400,128897,173.0,5358,31.6774648,49.76427683,0.096830596,3.376258745,147.19
686,698,17031809500,117955,7.0,3961,23.10058096,21.72946043,0.013473054,2.477758359,214.13
687,699,17031809700,110809,3.0,3658,11.84968802,4.599504869,0.0,1.323979309,384.0066667
688,700,17031809900,217458,13.0,2902,16.36571866,4.663835055,0.080446317,0.625094482,363.44
689,701,17031810000,148583,9.0,5007,31.05985142,4.106736764,0.045143213,0.21139968,509.6233333
690,702,17031810200,72628,38.0,6347,32.44257711,5.51946944,0.120414135,0.490765643,279.8466667
691,703,17031810301,96058,32.0,4341,13.58017891,4.892812049,0.09523012,1.795530204,307.1175
692,704,17031810400,138507,21.0,5355,11.37845384,2.459993341,0.110338982,0.725827482,597.47
693,705,17031810501,99306,,5047,11.12196694,2.292231989,0.0,0.52225337,563.538
694,706,17031810502,73257,89.0,5468,12.71664046,15.86081974,0.043976684,4.294350714,404.482
695,707,17031810701,64663,,5136,33.00960521,1.037962917,0.027009223,0.089034154,509.29
696,708,17031810702,83894,3.0,3851,21.89503805,5.524277409,0.011820331,0.655791344,207.8733333
697,709,17031810900,65758,8.0,6466,24.8241257,2.675242711,0.015427971,0.307981616,410.116
698,710,17031811100,66053,1.0,6306,9.799957985,2.947385156,0.027103829,1.153842565,356.202
699,711,17031811200,84018,,4995,10.0651933,3.865899567,0.017539991,2.452354722,406.628
700,712,17031811302,43720,7.0,3840,6.739198233,5.138698807,0.036772217,5.998384837,433.18
701,713,17031811600,56143,6.0,6240,9.885670073,5.723632812,0.053116896,1.81504669,493.8675
702,714,17031811701,69355,,3902,7.426613059,7.896637917,0.060523184,6.664001284,195.135
703,715,17031811800,80052,,5471,7.88783817,2.471174464,0.021042641,2.368011041,456.6525
704,716,17031811900,210875,,5895,8.363019294,2.451949393,0.073679848,1.253765302,562.265
705,717,17031812000,183098,11.0,5169,9.379723436,4.456510706,0.087069237,0.962573006,331.255
706,718,17031812100,128750,8.0,4411,17.31153616,0.396240557,0.021601334,0.065495676,287.268
707,719,17031812200,238688,,3989,11.78978304,3.35493776,0.072577896,0.907643093,380.5425
708,720,17031812301,99750,70.0,4277,30.82064441,32.50161015,0.056612319,1.763625972,181.9466667
709,721,17031812400,234167,,3254,9.706766634,2.423837018,0.156773158,0.871369704,262.4133333
710,722,17031812500,130125,54.0,3200,14.33491585,12.00822406,0.006507592,2.100569451,200.83
711,723,17031812600,108056,18.0,3320,21.38525116,4.636864526,0.026500085,0.378227352,284.99
712,724,17031812700,119444,5.0,3409,21.6025834,4.840299103,0.055376172,0.527131119,334.3866667
713,725,17031812801,101350,3.0,3290,43.77140284,9.285570522,0.101067759,0.380793901,280.965
714,726,17031812802,103239,,2413,26.30545089,18.22540869,0.049960301,1.265744438,361.2066667
715,727,17031812900,155160,12.0,4579,17.36849776,8.062478854,0.027718268,1.353902712,415.0775
716,728,17031813000,127330,1.0,4008,19.94535262,4.320321948,0.054073691,0.680961643,283.78
717,729,17031813100,114653,8.0,4692,20.55749655,2.297341139,0.012451185,0.356968185,265.004
718,730,17031813200,161268,,4528,18.64472545,2.256893065,0.049781989,0.387551559,333.67
719,731,17031813301,39750,,3417,36.21164461,1.966911506,0.00487013,0.301332295,235.1433333
720,732,17031813302,39508,6.0,3376,21.04486722,8.358218902,0.017241379,1.464443466,201.17
721,733,17031813400,49453,2.0,8099,36.44331764,1.552366655,0.075619215,0.240220328,412.1716667
722,734,17031813600,56919,,5243,34.59807764,14.55468622,0.037982536,1.548182026,441.2266667
723,735,17031813701,49453,5.0,3835,31.02571306,3.325219536,0.036722634,0.449534215,255.485
724,736,17031813702,52055,12.0,3599,38.54653531,5.100366671,0.138236597,0.933308536,264.5375
725,737,17031813801,50417,20.0,2805,14.43573974,13.20791063,0.088825391,3.313055539,308.01
726,738,17031813802,43346,,5190,35.95286923,10.58516296,0.063549161,1.241533988,282.9775
727,739,17031813900,44884,6.0,6792,39.79193355,2.574835771,0.076892226,0.283706279,219.14
728,740,17031814100,45492,1.0,4287,33.45742693,2.188550545,0.022222534,0.382383847,245.8733333
729,741,17031814200,47321,262.0,6655,23.92204482,2.97243296,0.009398585,1.407038182,270.235
730,742,17031814300,55238,,4916,27.25402924,1.732317849,0.089732295,0.292082979,284.99
731,743,17031814400,54489,,7973,22.42625669,4.123798825,0.046413502,0.954359648,249.6733333
732,744,17031814500,68328,,5600,22.76872822,2.667366158,0.049484821,0.608390907,123.3833333
733,745,17031814600,65000,,5758,28.2154124,2.124609551,0.0,0.262628337,241.934
734,746,17031814700,81698,2.0,5462,25.6755226,5.400750382,0.040202962,0.796771157,219.406
735,747,17031814800,75668,14.0,6101,19.93404129,2.228082743,0.06237484,0.93216055,301.216
736,748,17031814900,69112,9.0,6796,47.33955395,1.696854511,0.034645669,0.118148663,237.7125
737,749,17031815000,69458,2.0,4207,32.85917009,5.44664617,0.01227209,0.55595691,272.25
738,750,17031815100,83665,,4158,25.50926843,4.281355382,0.050793631,0.54797887,351.3733333
739,751,17031815200,59400,3.0,6762,20.56985431,2.326080682,0.015459796,0.420074849,230.404
740,752,17031815400,75833,7.0,4820,14.27035847,12.50717865,0.050153247,2.626003907,294.04
741,753,17031815500,74491,1.0,8292,22.83693661,1.938582594,0.0,0.290479571,252.3242857
742,754,17031815600,77941,174.0,5025,11.08949919,4.914965308,0.070965687,2.079992885,552.272
743,755,17031815702,122344,,5210,7.898446761,1.497978876,0.011272142,0.51585863,696.846
744,756,17031815900,92688,3.0,4823,30.36830378,5.17869454,0.081887822,0.319111192,396.9733333
745,757,17031816000,120833,5.0,3183,13.90040503,4.581697975,0.026585358,0.693137734,299.5166667
746,758,17031816100,89674,134.0,6035,12.0611592,7.457978932,0.060021436,3.239226593,315.1633333
747,759,17031816200,76607,7.0,4009,8.217665475,3.294966551,0.060326087,1.456555039,624.5166667
748,760,17031817101,54261,9.0,4876,20.63006721,0.802265064,0.071209669,0.118218126,108.63
749,761,17031817200,60114,6.0,4671,16.95764909,0.767553969,0.073957635,0.148106018,119.695
750,762,17031817300,48977,,2520,14.328171,1.864936543,0.069078947,0.402948403,708.11
751,763,17031817500,56838,6.0,3388,9.821432596,5.779059696,0.015487026,2.004228312,189.4325
752,764,17031817900,68150,41.0,5717,9.874477551,2.237669609,0.028761062,0.761003345,378.732
753,765,17031818000,72730,,4116,7.154700356,7.332485844,0.165186898,4.209455667,277.6133333
754,766,17031818300,71182,,5989,10.49575902,2.895868102,0.06145134,1.387115227,552.5425
755,767,17031818401,92500,,3558,2.299443654,2.358444505,0.027507882,3.713648462,636.0275
756,769,17031818900,116750,,4521,12.5265415,3.773457976,0.022360557,0.612824601,266.4333333
757,770,17031819200,71717,,6225,12.9546096,2.156654585,0.044155304,0.584779911,572.3225
758,773,17031820502,70485,6.0,5256,7.782972119,4.319285728,0.014985,2.200323322,444.5825
759,774,17031820700,77092,,6732,10.1152301,1.671468833,0.056932326,1.302721186,418.43
760,775,17031820800,74423,,3985,13.10372686,1.57576029,0.033108364,3.211984365,615.1233333
761,776,17031820901,67571,189.0,5253,12.46282586,2.908966976,0.034341218,4.734559583,271.24
762,777,17031820902,92430,14.0,5345,15.49059971,8.34651789,0.058905808,8.713935058,376.855
763,778,17031821102,60536,1.0,4270,9.503014766,2.370559332,0.020618557,0.950401255,415.7475
764,779,17031821200,66952,5.0,6215,9.154155942,3.081415998,0.055963338,0.99162032,328.9075
765,780,17031821402,76290,19.0,2997,7.242730119,2.376924264,0.020716723,0.660630604,203.4033333
766,781,17031821600,79333,268.0,4428,10.7783812,4.954714486,0.06248285,1.024034162,486.558
767,782,17031821700,98125,,4691,12.34594786,2.120289654,0.009057971,0.492096624,341.986
768,783,17031821800,90863,15.0,5352,10.92953157,7.095469728,0.050105042,2.1202062,328.575
769,784,17031821900,98869,15.0,5195,11.27833968,3.870486393,0.011480602,1.09215322,553.614
770,785,17031822101,81518,,4265,9.549028902,3.407670319,0.014883067,0.87507667,480.4575
771,786,17031822102,105833,49.0,4974,11.02706175,17.79005962,0.006524318,7.570663641,359.42
772,787,17031822500,76642,,4320,10.26329108,2.797395015,0.013139696,0.788408957,448.605
773,789,17031823200,78268,,4691,3.159727467,3.812381742,0.043356644,5.045471885,865.025
774,790,17031823304,83300,5.0,6138,9.662018878,1.489208669,0.023783443,0.567949038,554.33
775,791,17031823603,44875,,2259,4.853593517,1.936999112,0.141670578,2.640508145,252.8
776,794,17031824400,64605,,2023,2.681735124,5.697527219,0.02230461,5.339130435,1062.17
777,796,17031824702,78882,,5565,11.96874625,0.80015265,0.019794846,0.230235835,535.1066667
778,799,17031825600,54426,,5406,4.522924875,1.31927672,0.015556637,2.011220223,640.385
779,800,17031825700,53125,,4189,5.842485027,0.989628269,0.049918542,0.385802149,577.1266667
780,801,17031825802,46986,3.0,6173,18.99666384,0.81273821,0.00809307,0.133537853,445.7
781,802,17031825803,70345,2.0,5886,15.06745372,1.813478848,0.034421317,0.339227918,416.014
782,806,17031826500,46463,4.0,6330,9.096703658,0.789924088,0.025493421,0.339892771,309.465
783,807,17031826600,44219,3.0,6077,17.49820526,0.731560439,0.019384471,0.131970064,507.48
784,808,17031826700,42670,6.0,5035,18.3632935,1.020269879,0.065926407,0.119328835,479.7875
785,809,17031827805,79950,,2838,4.277175373,0.580406786,0.061905156,0.457401947,436.7566667
786,813,17031830500,42946,153.0,4959,11.95116694,2.834223264,0.043831755,2.687899636,257.4933333
787,814,17031830600,45000,1533.0,4861,38.91166474,8.952515599,0.027295286,2.243693009,228.66
788,815,17031830700,80400,4846.0,3693,33.29419689,26.05147846,0.010755622,1.768113648,173.34
789,816,17031830800,119894,779.0,2512,32.40048935,10.66124599,0.081610961,0.534248729,208.77
790,817,17031830900,106724,4616.0,3089,17.72547166,19.87093985,0.059675306,3.714995914,168.98
791,818,17031831000,210313,1969.0,2195,32.89538631,13.05780699,0.028106509,0.816448802,264.87
792,819,17031831100,62786,3499.0,7891,36.44547464,4.72789748,0.142036779,1.382331241,299.07
793,820,17031831200,41296,359.0,4838,34.45153827,2.839366027,0.046126677,0.322294982,208.77
794,821,17031831300,53854,62.0,1047,7.353828473,8.849879538,0.013983051,3.452054795,112.65
795,822,17031831400,39231,1680.0,2976,5.472776133,8.950802967,0.002971768,8.791484732,268.895
796,823,17031831500,60938,983.0,3720,16.52003553,6.266992436,0.076098559,1.328055747,218.605
797,824,17031831600,61939,834.0,7451,21.42322376,4.234837218,0.011682243,0.651292234,287.67
798,825,17031831700,68056,236.0,2500,19.00752119,7.336903178,0.077788706,1.263089005,254.81
799,826,17031831800,66568,546.0,6194,30.66142452,4.482864135,0.005747126,0.655457804,159.324
800,827,17031831900,229318,2266.0,2913,36.40212596,10.37330306,0.019317852,0.612107514,232.685
801,828,17031832000,228125,5848.0,1781,44.1290656,27.15634806,0.030868111,1.333333333,215.92
802,829,17031832100,130063,3060.0,3533,71.90172727,6.343161749,0.003494874,0.240024576,154.6766667
803,830,17031832200,209205,1965.0,3289,34.35890277,8.458781695,0.068287838,0.821257085,232.9066667
804,831,17031832300,158750,2922.0,2001,10.17437692,20.03350578,0.010251323,4.421997755,222.63
805,832,17031832400,126750,1466.0,3038,38.14787075,9.385544031,0.017862319,0.644083288,236.035
806,833,17031832500,219048,4458.0,3551,19.35516685,16.27268324,0.036966283,2.129179354,317.175
807,834,17031832600,246875,9969.0,3780,25.88757461,21.1139594,0.071775321,2.816153462,256.6
808,835,17031832900,162813,444.0,2322,23.9041306,12.21521615,0.02642309,1.116141228,299.74
809,836,17031833000,210000,31481.0,4138,14.67256542,58.21861561,0.016396017,7.827362538,301.08
810,837,17031833100,195787,14377.0,7250,33.15036505,45.23296473,0.013927665,3.101328299,167.1933333
811,838,17031833300,154167,1193.0,2699,23.68981249,13.14832868,0.056647087,1.580168776,206.53
812,839,17031833900,33250,127.0,2530,18.46136548,1.541667151,0.048750225,0.252767906,195.13
813,840,17031834000,46250,1457.0,2926,10.60503977,0.162131313,0.025203252,0.063055427,392.945
814,841,17031834200,77500,1808.0,4249,20.03686317,2.395407602,0.089869834,0.488906398,242.0725
815,842,17031834300,75847,1409.0,6004,13.59188709,1.243561783,0.023805915,0.313992084,336.6216667
816,843,17031834400,74663,871.0,4390,29.84309639,3.14185408,0.06526715,0.261240346,330.8066667
817,844,17031834500,41146,200.0,1376,11.99784527,5.170583027,0.104278304,1.202839757,371.49
818,845,17031834600,33636,380.0,1975,4.844274527,0.540069081,0.052382896,0.314087177,238.3825
819,846,17031834700,28661,182.0,1426,8.985628472,0.316292003,0.181325783,0.077340485,236.4866667
820,847,17031834800,38750,312.0,1546,10.07964148,0.701846493,0.005474453,0.146870952,202.0633333
821,848,17031834900,29750,153.0,1615,15.10459531,0.203049333,0.054585153,0.024208566,262.86
822,849,17031835000,33922,849.0,5622,29.06928777,1.675864799,0.043939157,0.259425635,243.816
823,850,17031835100,44323,208.0,5505,31.7168969,1.271341214,0.060590685,0.27917569,225.31
824,851,17031835200,70962,281.0,2020,8.269614324,10.38205046,0.075026101,3.75147929,77.78
825,852,17031835500,29135,86.0,1479,6.915823002,3.077528223,0.060682829,0.909693923,152.215
826,853,17031835600,39417,240.0,841,3.728494593,3.246514945,0.076023135,1.85150953,161.605
827,854,17031835700,49519,7.0,416,8.851826594,0.106392147,0.054446734,0.032467532,181.05
828,855,17031835800,31875,367.0,1858,26.6065808,0.400960313,0.035334703,0.043076923,244.08
829,856,17031835900,52386,1571.0,3190,20.30457704,2.151333491,0.021152798,0.234576816,240.0633333
830,857,17031836000,95109,333.0,2785,25.03748568,1.927749683,0.046943756,0.304047117,298.6233333
831,858,17031836100,26360,486.0,2039,16.25025108,1.088140491,0.049292228,0.994690514,305.3266667
832,859,17031836200,221042,2918.0,1604,9.527088173,131.9299766,0.027708734,176.2857143,206.53
833,860,17031836300,86131,57.0,1488,49.4413071,1.000665913,0.043498527,0.065004072,275.6
834,861,17031836400,45449,761.0,3737,27.35991631,1.000414423,0.09125157,0.08068461,257.94
835,862,17031836500,45530,168.0,1610,29.2292147,0.123206206,0.103571868,0.015822612,235.365
836,863,17031836600,56594,930.0,2291,16.88600626,4.979627397,0.104556605,0.949196913,275.605
837,864,17031836700,38821,662.0,2422,10.71041531,5.245462152,0.092018667,1.726439791,245.425
838,865,17031836800,19079,767.0,2164,18.9620058,1.295691167,0.080380288,0.177753963,224.635
839,866,17031836900,28971,227.0,1251,30.73698467,0.294838772,0.015653775,0.027262792,126.735
840,867,17031837000,39175,295.0,1950,19.93432751,3.153221388,0.017865875,0.415156915,23.47
841,868,17031837100,32298,470.0,1596,8.301784077,4.74149624,0.078560812,1.181874297,208.545
842,869,17031837300,35417,444.0,2607,28.98062008,6.458569127,0.031543187,0.775818422,215.92
843,870,17031837400,36979,311.0,2460,20.20656862,8.537536051,0.14524191,1.364994255,204.52
844,871,17031837800,58529,1956.0,2662,11.65597123,11.00572718,0.026165013,2.788654989,189.095
845,872,17031838000,63125,987.0,2577,19.63765933,2.582201343,0.027878007,0.248237681,225.98
846,873,17031838100,120833,3485.0,1760,18.13059166,71.35864053,0.031496063,24.9470229,178.37
847,874,17031838200,105769,6842.0,1976,8.488108443,21.97031044,0.024173321,53.51350511,156.91
848,875,17031838300,147708,3947.0,1425,17.93038305,7.794762709,0.059975562,1.161096257,215.925
849,876,17031838600,17063,111.0,1507,24.7645935,1.100200135,0.012219183,0.145441137,185.075
850,877,17031838700,31601,1875.0,4311,25.17881507,2.4486274,0.156439176,0.279214895,263.195
851,878,17031838800,29868,560.0,3173,11.8022181,1.708610918,0.07741839,3.12798983,244.755
852,879,17031839000,129196,15236.0,8789,94.53904407,20.91767258,0.087285509,0.442374881,211.2275
853,880,17031839100,159538,44804.0,7352,29.70334833,1102.545869,0.110656401,81.61577485,123.385
854,881,17031839200,53393,1281.0,2452,33.23183831,8.314262381,0.032056595,1.168637038,283.87
855,882,17031839500,158026,171.0,1510,23.31162582,2.732554815,0.054712796,0.254676259,378.2
856,883,17031839600,44760,318.0,1367,22.48327893,4.641490451,0.060540578,0.296906155,200.495
857,884,17031839700,91042,646.0,4510,30.00835041,5.039287318,0.071087909,0.45942568,242.2966667
858,885,17031839800,68750,150.0,2831,42.81172831,4.837027584,0.010970464,0.328379311,261.9666667
859,886,17031839900,76806,480.0,4419,25.49600816,3.926140635,0.029429306,0.761033032,206.8
860,887,17031840000,106029,64.0,2881,23.33951179,1.353219539,0.116982777,0.172104016,278.95
861,888,17031840100,53965,53.0,3176,38.70591068,2.370667648,0.032693341,0.180059365,216.59
862,889,17031840200,77083,133.0,2488,14.36349704,2.846143104,0.026748526,0.589712919,461.35
863,890,17031840300,53885,99.0,3872,20.99055146,2.487912972,0.065968814,0.669508975,251.2366667
864,891,17031840400,61845,536.0,3135,18.66583672,11.19361935,0.113526165,3.294938398,225.975
865,892,17031840700,45303,601.0,3697,27.69068124,14.10209907,0.158825426,1.560754205,236.0366667
866,893,17031840800,35117,49.0,3011,37.0745653,2.402622416,0.05616973,0.223488201,260.845
867,894,17031841000,112426,2148.0,979,4.176119634,12.98905443,0.051655427,5.379858657,244.08
868,895,17031841100,38922,2688.0,7072,29.11047887,11.57681582,0.04820529,1.160261005,241.065
869,896,17031841200,45450,1273.0,4839,42.56355656,3.556924519,0.021412037,0.425844173,223.9666667
870,897,17031841300,53017,1371.0,3960,18.90163941,7.436564117,0.019340805,1.994600004,253.81
871,898,17031841400,56167,127.0,1135,19.06238626,0.787584876,0.020315596,0.117281349,209.885
872,899,17031841500,32539,1024.0,2847,27.56068176,2.200376314,0.293142619,0.279787234,111.315
873,900,17031841600,67292,8.0,655,16.63319226,0.507883733,0.061548224,0.085470085,211.9
874,901,17031841700,27109,33.0,1825,27.75456026,9.413738523,0.036302145,0.874293785,257.5
875,902,17031841800,43542,492.0,2435,7.864591534,1.390686568,0.055842164,0.495594107,192.455
876,903,17031841900,129934,11116.0,6540,10.98488087,20.24577535,0.106802635,9.039132632,146.185
877,904,17031842000,171141,422.0,3134,25.77359236,22.50267003,0.181985572,15.53537787,81.14
878,905,17031842100,38119,1070.0,7489,30.33162826,3.655312636,0.333961514,1.288997039,299.9633333
879,906,17031842200,105060,12923.0,3154,9.233413464,54.69787481,0.357637161,9.716068643,233.35
880,907,17031842300,148125,12128.0,3358,8.506147392,15.26086944,0.256072083,4.979233908,122.045
881,908,17031842400,53997,2949.0,3115,8.120447853,3.80443269,0.146636867,1.62437831,293.7033333
882,910,17031842600,75724,1143.0,4125,14.84401872,4.750109275,0.085001113,7.85134142,305.7775
883,911,17031842800,29681,615.0,7035,42.79038757,1.530606492,0.133786848,0.747248403,215.0266667
884,912,17031842900,26420,3227.0,2479,10.71167134,6.638322893,0.13479606,5.24703268,275.935
885,913,17031843000,27431,1316.0,2533,9.965265568,4.89302736,0.199705029,1.294733955,159.595
886,914,17031843100,32098,458.0,1692,17.40386063,19.48455107,0.141019384,4.366425993,156.91
887,915,17031843200,51917,1608.0,2357,18.02929935,13.41420318,0.046664825,8.777856991,73.76
888,916,17031843300,73092,805.0,1972,13.659497,13.18155314,0.05346322,4.305429864,253.47
889,917,17031843400,33776,156.0,1195,7.369708838,2.386675582,0.035873797,0.763313609,151.55
890,918,17031843500,28750,150.0,10317,23.14048489,6.286980628,0.085057123,9.501694915,537.79
891,919,17031843600,67609,915.0,2918,28.80694671,3.053904602,0.114071764,0.230467469,264.87
892,920,17031843700,194375,1843.0,2617,14.26469681,16.55747942,0.100850693,4.656542372,283.645
893,921,17031843800,41250,58.0,1482,4.633875401,0.716690849,0.092342244,0.37243682,274.93
894,922,17031843900,50104,1619.0,3521,35.4333934,2.294889191,0.098458099,0.380600754,199.022
