Unnamed: 0,GEOID,Pickup,MedianIncome,Median Age,Population_Density, Employment_Density,Percent_Zero_Car_Ownership,LandUse_Diversity,Distance_from_transit, Trip miles,Trip seconds
0,17031010201,1837,41125,36.5,59.11902152,1.490412114,0.019723847,0.069242166,234.25,7.066058394,1140.319343
1,17031010202,1375,45236,35.8,36.27858993,8.568341424,0.027316716,0.724294515,193.795,4.479470199,839.7395143
2,17031010300,1627,72917,48.2,58.47092195,9.582294777,0.106672772,0.346823146,184.4025,6.9703125,1110.724609
3,17031010400,1204,58438,25.9,64.71147721,29.07188535,0.023678838,2.464811604,152.44,7.231958763,1186.39433
4,17031010501,1310,52747,33.8,84.88869466,3.081571441,0.032107879,0.066410634,113.1,7.558985201,1165.097252
5,17031010502,609,47222,31.4,62.99815961,4.371993689,0.060484845,0.146626984,194.465,6.881481481,1100.608466
6,17031010503,702,46964,27.9,34.51160823,6.498067101,0.078551312,0.394288656,254.14,7.30802139,1129.299465
7,17031010600,1943,76838,35.4,50.2986067,8.192291819,0.117415719,0.679053444,261.5175,6.564969136,1092.217593
8,17031010701,239,74038,39.6,35.98747511,1.292684252,0.006987578,0.096019345,293.035,4.484810127,880.5063291
9,17031010702,1073,48989,28.5,56.33900525,14.12556675,0.036237405,0.608951659,175.35,5.8762665,982.304406
10,17031020100,402,61300,37.6,37.1540376,26.17123561,0.478990817,1.688829841,342.655,5.608208955,979.8358209
11,17031020200,434,91402,35.1,24.98394199,3.769940752,0.22732417,0.449563912,303.43,6.31292517,1071.068027
12,17031020301,42,74338,37.1,28.82764832,4.017552795,0.432359565,0.342554023,285.21,12.7,1813.230769
13,17031020302,205,109202,38.2,38.28278988,4.496393435,0.335054708,0.38508112,115.3366667,7.21969697,1071.287879
14,17031020400,183,79773,39.5,30.44552096,1.236866823,0.322448326,0.13213807,222.18,5.046268657,905.2089552
15,17031020500,1065,50927,34.9,63.81052364,5.480845143,0.448111316,0.256443129,318.8525,6.842857143,1123.440476
16,17031020601,238,40352,32.7,40.45084375,3.483833141,0.475833334,0.269308313,162.72,6.605376344,1060.462366
17,17031020602,291,53152,34.9,38.94354002,13.12222328,0.484567115,1.046236983,248.7775,5.667557574,991.7829351
18,17031020701,88,106691,44.2,16.96626449,6.1555752,0.414533568,1.277737752,226.65,7.566666667,1130.055556
19,17031020702,589,50466,30.5,44.78167225,4.282181741,0.209167048,0.332553719,272.245,7.135078534,1122.575916
20,17031020801,629,62757,38.9,37.71783898,5.238131281,0.342063081,0.413645339,211.2275,6.189497717,1077.109589
21,17031020802,1110,44697,34.3,51.22241851,10.90605111,0.164371451,0.686493827,233.6925,6.216939891,1051.34153
22,17031020901,635,47644,34.9,49.54829611,2.658853797,0.03920921,0.135107044,356.74,7.13626943,1145.994819
23,17031020902,610,39728,41.4,46.65545777,10.71564948,0.16130331,0.873652375,327.905,5.342631579,937.2842105
24,17031030101,1417,57627,38.1,138.4152646,12.66782379,0.167625217,0.199036006,207.8725,6.477753304,988.5859031
25,17031030102,828,77500,44.4,139.2958227,16.50143174,0.111295693,0.285704026,239.6133333,6.693534483,1020.564655
26,17031030103,246,98083,25.5,116.5826305,18.94608964,0.167483334,0.362158658,185.745,6.450746269,989.0298507
27,17031030104,75,65625,21.7,163.4634392,2.019577379,0.219689584,0.061403509,193.12,6.36,798.1
28,17031030200,1419,114474,35.2,33.05715813,4.555274543,0.215816084,0.287489235,280.6275,5.963414634,979.8603104
29,17031030300,291,50750,33.8,44.619648,2.272250738,0.026251167,0.12112731,277.615,5.473809524,939.7142857
30,17031030400,338,66731,41.7,30.01532075,4.89598724,0.091561916,0.374319378,246.095,5.107079646,902.9646018
31,17031030500,2342,111466,35.9,43.55196063,4.175721554,0.089186058,0.208313116,191.1125,5.75912471,914.9506584
32,17031030601,931,31722,34.6,167.4207848,10.29471361,0.126617037,0.092181269,230.6733333,7.347632312,1045.532033
33,17031030603,527,44022,33.2,78.78574099,6.627585134,0.208423151,0.143585258,278.28,6.290285714,975.8114286
34,17031030604,892,73009,41.8,142.1221174,4.425048307,0.247650462,0.047510465,217.2633333,5.981939799,863.6254181
35,17031030701,340,62857,36.3,99.14950458,27.39352551,0.32906191,0.524972253,285.66,6.090909091,948.6818182
36,17031030702,79,101250,48.4,407.5841892,62.8418455,0.528550707,0.2809905,67.725,5.576923077,819.5384615
37,17031030703,1432,74479,42.8,88.29890309,8.396468167,0.401739459,0.312442258,197.1433333,5.889537713,915.8905109
38,17031030706,1465,67893,48.3,76.69473091,8.348972923,0.51616267,0.256642798,77.115,5.341787942,798.2931393
39,17031030800,1881,141652,40.8,31.49384866,6.018998202,0.251225868,0.431346972,309.13,4.452700186,822.0037244
40,17031030900,1402,159800,37.2,30.26832948,9.285022978,0.296093032,0.852763121,215.9225,4.713381995,824.2579075
41,17031031000,1461,107629,37,39.17467868,12.4467201,0.194277943,0.657463109,310.2466667,5.351826484,941.5273973
42,17031031100,3324,106941,38.7,41.207216,9.286132263,0.285355107,0.511037224,343.3266667,5.338828203,906.041708
43,17031031200,2624,45547,39.5,76.00483156,14.04429216,0.423757032,0.439292206,195.1325,5.858302583,926.297663
44,17031031300,3132,53750,48.2,112.22158,14.56990389,0.54273816,0.305508504,161.202,6.153958944,923.9579668
45,17031031400,7422,119167,37.2,52.53296245,10.82631754,0.506641826,0.147214565,169.4266667,5.324877615,816.2109479
46,17031031501,1079,41417,35.7,118.542499,15.72528124,0.493895671,0.240193277,223.0733333,5.431845238,858.6696429
47,17031031502,2622,36473,31.9,126.38042,7.561272271,0.413254486,0.114993045,169.4266667,5.097894737,833.8236842
48,17031031700,3863,124625,32.6,56.41243247,5.684831499,0.566830175,0.202230179,311.81,5.676565144,945.6226734
49,17031031800,430,138750,33.9,34.68875389,16.98011701,0.527582707,0.940993789,238.72,4.368939394,842.5909091
50,17031031900,515,141600,32.2,40.31419419,9.461807619,0.2421851,0.47778907,258.165,5.397478992,914.7310924
51,17031032100,7438,127901,35.4,85.29584106,14.33316251,0.182961991,0.691528742,107.02,5.220831529,859.7934171
52,17031040100,556,138889,35.7,24.22087205,3.054597307,0.203269435,0.738557933,292.81,5.616201117,1029.106145
53,17031040201,1906,93750,35.3,40.26042996,17.37541016,0.338348059,1.312933421,239.3875,6.141594454,1141.590988
54,17031040202,1177,54868,35.2,47.51968345,3.337862197,0.400291009,0.17037229,248.7775,5.955135135,1053.264865
55,17031040300,146,92656,42.3,20.33842376,3.255895669,0.451325587,0.523086296,315.16,4.892105263,983.7631579
56,17031040401,185,126845,36.1,35.76372098,3.075906444,0.261909042,0.265976596,241.7375,5.081537961,972.5736394
57,17031040402,1755,137000,31.9,40.40413275,5.402447777,0.479571911,0.211248941,147.522,5.667362429,1007.97723
58,17031040600,740,106375,35.5,30.25470758,10.38290793,0.526267819,0.729693553,307.1166667,5.727225131,1034.685864
59,17031040700,351,130281,37.7,41.71801608,6.822697832,0.402401585,0.359205649,236.71,4.870588235,1027.541176
60,17031040800,27,109688,39.8,34.54353781,24.66341385,0.284679089,1.501965457,209.215,1.7,510.6666667
61,17031040900,336,180278,38.5,28.56253895,8.045358731,0.303019375,0.500879823,302.42,5.114444444,962.7555556
62,17031050100,496,158750,33.4,31.59151604,11.56880368,0.4502656,0.887786373,260.18,4.784827586,937.2551724
63,17031050200,1706,159821,41.1,35.32489571,8.015254762,0.124767993,0.601145716,240.5066667,4.800636943,907.7388535
64,17031050300,186,116806,39.4,29.93408206,7.199250765,0.18767723,0.619056717,312.4833333,5.59122807,1053.140351
65,17031050500,805,205417,34.2,37.86251906,3.213255359,0.233311417,0.269914753,271.442,4.98518591,936.7480979
66,17031050600,956,216477,33.8,26.60893153,32.83709388,0.028947962,2.128624311,234.7,4.153781513,859.2983193
67,17031050700,96,171429,30.9,39.65033371,4.654604392,0.160712675,0.277941176,210.56,4.840909091,897.1363636
68,17031050800,125,196250,31.5,36.2146582,6.015063339,0.161058048,0.398026316,207.87,5.522222222,997.9444444
69,17031050900,53,137083,34.9,32.38072941,2.213429276,0.193536268,0.164814815,209.21,4.430769231,923
70,17031051000,157,160577,33.4,41.72358163,5.75581423,0.234465312,0.331932773,221.28,4.547619048,855.3095238
71,17031051100,304,175508,33.6,41.88582441,7.394595361,0.169781712,0.482644628,210.56,4.141891892,778.9054054
72,17031051200,265,182031,31.8,39.18121375,8.677234916,0.26999017,0.620869507,223.965,4.15,762.2941176
73,17031051300,488,200179,35.3,35.64832455,4.529568351,0.211936811,0.304755545,224.635,4.745962733,817.0931677
74,17031051400,782,162143,31,25.50222662,4.211780438,0.130440525,0.370716075,233.355,4.478111588,839.2703863
75,17031060100,501,138333,32.9,35.36093513,5.31734706,0.048750064,0.343455423,258.8366667,5.008270677,868.518797
76,17031060200,384,152946,33.5,29.62809517,25.06562485,0.111140894,2.24450976,262.19,5.207317073,1002.146341
77,17031060300,1034,172150,34,40.75895164,7.470730992,0.187563338,0.439901891,217.26,4.3609375,824.2070313
78,17031060400,2341,197679,32.1,46.29918089,10.94638723,0.091176471,0.614986373,219.9433333,4.65,859.2880435
79,17031060500,557,171750,38.6,23.5868332,4.608084016,0.199013158,0.335543767,142.16,4.321153846,806.6217949
80,17031060800,4655,124417,36.6,109.7627103,11.64061876,0.087037037,0.126332873,294.15,5.119710544,829.5926947
81,17031060900,8538,88770,36.7,122.934826,8.71029233,0.102240896,0.137856332,228.794,4.718445122,825.6227134
82,17031061000,3258,151875,30.3,51.70646982,15.03421813,0.150413223,0.597765363,246.77,4.63960047,817.3772033
83,17031061100,2060,170893,27.3,44.7772338,54.06388272,0.069898058,2.765780731,146.18,4.74135514,825.7616822
84,17031061200,1097,215455,28.1,45.43458107,6.78854271,0.034003021,0.375160051,221.28,5.14556962,916.4725738
85,17031061500,1130,165729,30,47.43656619,13.94454144,0.143721352,0.686881188,223.97,4.127888446,805.1673307
86,17031061800,942,120438,30.4,65.51856016,10.36562295,0.135621584,0.304160689,100.58,3.997288136,735
87,17031061901,3358,118313,35.2,91.41423659,9.412879257,0.324069931,0.16650984,270.5725,5.084968685,846.9164927
88,17031061902,4515,125950,36,128.7593708,7.120154809,0.107826921,0.0542028,123.3825,4.928259231,829.7317257
89,17031062000,5016,160133,27.4,51.86813695,13.66119766,0.14771422,0.484862901,283.645,4.556449376,807.887656
90,17031062100,7091,182969,27.9,68.78697501,21.99766062,0.50530504,0.721531686,231.5666667,4.715299446,844.2219426
91,17031062200,3457,173250,29.3,45.37000392,8.21296653,0.195287428,0.41381393,398.98,4.830729361,860.1521654
92,17031062300,609,250000,30.5,39.6985211,10.03614298,0.414468216,0.580229226,341.99,4.456944444,877.0833333
93,17031062400,1041,201250,33.5,39.14410948,11.20177245,0.32122905,0.626388889,244.08,4.146530612,808.6408163
94,17031062500,1254,201964,31.9,39.58893733,28.83080071,0.280730897,1.610955056,202.51,3.855591054,842.3482428
95,17031062600,808,250000,32.5,30.03313248,11.82316988,0.308578745,0.959876543,281.64,4.158173077,853.1105769
96,17031062700,2046,237500,32.4,35.6676032,18.21129544,0.193069307,1.375487014,288.7866667,3.805802708,774.5048356
97,17031062800,3059,250000,30.9,45.21099007,11.11791094,0.464849354,0.635571873,301.75,3.986945813,791.591133
98,17031062900,4726,210089,29.1,47.78111194,8.408535055,0.511945424,0.356395241,339.75,4.21286645,799.1636808
99,17031063000,7307,183438,28.6,46.54912001,42.05270775,0.327374094,2.15329803,203.85,4.263013699,837.3722248
100,17031063100,3041,165278,29.3,59.96616433,35.4101734,0.434363209,1.10316708,217.93,4.598942918,836.730444
101,17031063200,8128,174402,33.5,118.3342188,10.26091488,0.40783158,0.158025488,157.5816667,4.94092437,823.5205882
102,17031063301,1911,131971,31.6,120.9670638,15.9755645,0.157510655,0.213553711,191.3333333,4.84665392,885.6615679
103,17031063302,5734,133618,30.5,127.2088568,10.88335803,0.23495702,0.149227464,201.8375,4.81932398,833.7410714
104,17031063303,1261,155179,66.7,80.22060248,35.0937198,0.156944444,0.729039132,127.405,4.432098765,796.617284
105,17031063400,3856,201949,27.5,62.2453446,22.49830309,0.158707865,0.824250986,155.57,4.407941176,844.6666667
106,17031070101,6587,127076,32.2,140.7509474,14.46223786,0.106995885,0.262695604,281.19,4.471089536,794.2669903
107,17031070102,3668,250000,31.1,110.7743143,29.67150148,0.14534924,0.469452415,208.7666667,4.688369678,863.5576324
108,17031070103,1865,71473,27.4,95.06818719,17.1649046,0.194329133,0.243371265,205.865,4.064380531,764.8915929
109,17031070200,7652,163182,29.5,52.09040649,29.6654365,0.262849023,1.189873055,297.28,4.189258555,804.0622624
110,17031070300,6872,221023,28.8,44.37624566,15.503816,0.381920957,0.758715246,223.295,3.90264938,767.8105975
111,17031070400,2969,250000,33.7,41.57758239,14.29586603,0.420000774,0.635385563,327.68,4.28817734,817.9376026
112,17031070500,2456,250000,34,46.44241172,22.01250367,0.434534509,1.234578728,286.1066667,3.683606557,731.6704918
113,17031070600,2551,184196,31.5,39.81584462,6.505812679,0.59140753,0.411902115,328.57,4.352380952,811.1740558
114,17031070700,3559,195724,31.8,27.22915462,11.09514142,0.514776644,1.297684062,315.165,4.242433234,838.785361
115,17031071000,2667,250000,21.3,61.37460006,6.508874158,0.490650159,0.761583012,180.38,3.768221071,736.2210708
116,17031071100,6118,233947,24.8,41.32050258,26.03676185,0.381786773,1.862049842,173.675,4.86667972,839.4773706
117,17031071200,5485,117188,29.6,30.71823343,20.78726843,0.452865883,1.471336521,180.38,3.808496732,765.939724
118,17031071300,3558,205515,31.3,52.11627905,10.38891172,0.432936451,0.427963752,192.45,4.035232558,764.894186
119,17031071400,7184,196053,37.2,82.89015571,28.38417323,0.479973446,0.697945527,121.035,3.863431373,730.052451
120,17031071500,14410,185179,31.8,80.58879833,19.86672378,0.284323324,0.457168698,181.0533333,3.860075472,703.0420126
121,17031071600,295,201875,34.2,46.45852638,4.894375323,0.233079222,0.261163735,197.14,4.23902439,734.2682927
122,17031071700,340,203438,39.3,43.77671779,2.756176384,0.26318419,0.166503537,411.725,3.73255814,721.3953488
123,17031071800,1417,183125,36,33.81258255,12.07901006,0.195803802,0.831265953,236.71,3.414534884,697.2209302
124,17031080100,7523,250000,48.5,132.4363199,15.28534691,0.082533336,0.225233282,176.07,4.011351611,726.2987013
125,17031080201,3076,151856,44.2,97.96507367,21.54321148,0.192120204,0.317533251,164.96,3.532009926,691.2593052
126,17031080202,7518,173220,39.1,82.88755235,32.16165133,0.217503218,0.628259756,140.37,4.115906887,726.8438409
127,17031080300,16179,200771,30.6,51.63024178,30.10390995,0.242864121,1.267242664,227.6525,3.664084014,682.8177363
128,17031080400,5123,38824,31.6,52.83144388,9.367764456,0.386998555,0.71192275,343.7733333,3.840063492,726.4755556
129,17031081000,14595,143750,30.3,123.4335028,55.57213543,0.234930423,0.909686952,109.3033333,5.517921455,832.3319574
130,17031081100,9086,140982,33,181.5817039,141.706115,0.408582137,1.098940902,156.91,3.898233909,709.3461538
131,17031081201,16771,250000,38,109.3687691,236.0122538,0.364623955,3.789877223,259.7333333,4.332570075,750.3995263
132,17031081202,5613,215813,59.1,92.41091899,37.69015351,0.212449256,0.953094269,239.055,4.016798539,717.507608
133,17031081300,12438,157708,52.5,130.6556612,230.7047871,0.17928309,3.847836189,179.485,4.33375295,756.6275898
134,17031081401,16203,250000,49.8,34.62500421,439.9863871,0.145990782,18.66022267,217.26,4.92960392,810.7545937
135,17031081402,15322,228750,35.7,144.1555903,30.43042705,0.357954625,0.766775862,168.0866667,4.145150502,710.1987876
136,17031081403,26511,184697,33.8,133.5434902,245.8460276,0.269163504,3.183314096,161.8266667,4.622021984,739.756774
137,17031081500,25771,211600,40.2,72.26034147,377.2073503,0.423470429,8.443777157,181.4966667,4.204521999,704.3799565
138,17031081600,14714,180208,32.1,115.1099115,152.8665851,0.251860628,1.832251901,109.97,4.24092847,692.8197537
139,17031081700,32456,145526,31.9,55.19337672,181.8040685,0.331919661,7.036731377,97.9,3.82375739,642.4460258
140,17031081800,32971,246467,34.4,63.27143092,192.1200884,0.622853746,6.110166747,210.11,3.905304582,655.6777358
141,17031081900,842,153125,36.1,27.20620134,3.036011634,0.628433471,0.250608273,932.08,3.711442786,717.721393
142,17031090100,10,130250,41.7,15.19564054,1.529011342,0.498470522,0.244544944,382.22,9.08,990.8
143,17031090200,621,157083,42.2,18.21324998,2.408585779,0.290929895,0.316809689,281.904,6.77852349,955.3930968
144,17031100100,246,100639,38.1,19.50182797,4.637481543,0.512820519,0.634250923,173.272,6.805952381,947.3214286
145,17031100200,347,111138,38.9,13.77678794,2.563169551,0.498498651,0.489531687,325.5085714,6.938709677,937.9516129
146,17031100300,104,116406,48.9,11.70695998,1.853065891,0.325217931,0.454913039,451.9566667,5.910606905,884.3655357
147,17031100400,106,113553,45.2,15.87478719,19.05208089,0.482019836,4.613476723,281.6366667,7.329411765,916.3529412
148,17031100500,157,113080,44,12.5999332,3.621320316,0.310325416,0.64853848,586.338,8.253703704,1001.962963
149,17031100600,101,87061,38,16.27655392,2.637783544,0.580278562,0.443324065,233.02,9.328571429,1048.914286
150,17031100700,25,101806,42.5,15.64823455,0.617183535,0.576826654,0.099569876,416.016,5.37,767.2
151,17031110100,562,100392,34.5,18.79152653,4.733819791,0.283566472,0.8774756,302.022,8.229545455,1187.630682
152,17031110200,66,107267,39,23.91157734,10.1406105,0.233576642,1.248040422,245.425,6.479892601,864.8915076
153,17031110300,31,93517,35.9,19.31247107,0.88933717,0.103296964,0.139246836,306.848,7.233333333,882.75
154,17031110400,95,72437,40.6,21.49065322,2.52873108,0.031826392,0.315555263,242.2966667,6.965217391,884.1304348
155,17031110501,146,94836,40.3,27.2843813,3.35106385,0.030181087,0.402181113,317.846,8.388235294,1199.882353
156,17031110502,524,92868,39.8,24.90822533,9.933598923,0.085041224,0.790476998,300.41,7.767307692,1093.391026
157,17031120100,113,166719,44,9.689807453,1.386555461,0.135089419,0.425836039,272.585,7.924444444,1111.733333
158,17031120200,108,153472,44.2,11.6953158,4.077187776,0.164253225,1.092760892,312.1475,6.586860841,950.5631068
159,17031120300,151,155640,44.2,13.15896396,4.375223929,0.085117848,0.835876451,454.415,8.363636364,1097.212121
160,17031120400,98,113359,38.3,17.6859241,2.231107895,0.134598712,0.385892571,315.1633333,7.971794872,993.8974359
161,17031130100,406,83875,46,13.57809813,4.764665042,0.067462798,1.089925386,585.6233333,5.712859885,945.7101727
162,17031130200,49,103125,48.1,3.294575748,3.635320493,0.058599231,2.602134146,473.42,7.227586207,1079.862069
163,17031130300,216,63571,35.8,37.33942756,3.387399172,0.103587306,0.384138783,220.95,7.027586207,1176.16092
164,17031140100,264,54129,29.9,62.15774824,3.66443151,0.195460622,0.177886165,236.705,6.210958904,1157.876712
165,17031140200,504,45969,30.5,64.60942756,14.13869921,0.071551056,0.734754043,212.7933333,8.016,1299.188571
166,17031140301,114,56250,35,66.56503416,3.944521525,0.107054399,0.206430775,118.69,8.941176471,1249.441176
167,17031140302,129,93141,38,41.52177797,4.114008269,0.055832734,0.329051031,344.2233333,7.017391304,1165.188406
168,17031140400,555,94344,41.8,22.76851132,3.691354672,0.226923664,0.552095656,404.48,7.247027027,1111.135135
169,17031140500,78,70875,35.7,37.09450856,4.328883049,0.018962867,0.377842756,307.5633333,6.384615385,1134.038462
170,17031140601,85,51053,37.1,43.52960506,3.048708246,0.035652165,0.222342733,193.12,5.99375,901.1875
171,17031140602,517,61875,31.9,57.12682223,2.25459504,0.045429362,0.120022477,329.915,5.647971328,976.423181
172,17031140701,267,68000,35.2,54.97850892,4.836342121,0.07681246,0.256532915,172.335,7.239784946,1169.043011
173,17031140702,648,63219,33,60.11597425,4.821022359,0.247000717,0.289838212,257.83,7.093421053,1112.495614
174,17031140800,1048,98056,31.4,36.72309294,3.343507388,0.056402439,0.23775314,324.016,5.678531073,1087.090395
175,17031150200,1267,85284,38.6,26.77865164,6.132115367,0.154906961,0.615546011,232.548,7.544417476,1113.669903
176,17031150300,620,102725,37.9,28.81122887,3.90378937,0.304828151,0.380431037,231.2471429,6.528224575,1009.978585
177,17031150401,142,80337,44.5,28.80362851,2.983858994,0.335206466,0.309172315,186.75,6.551282051,963.025641
178,17031150402,86,99345,36.1,21.486207,2.737240683,0.238395935,0.368205239,257.0433333,6.177142857,1043.371429
179,17031150501,24,89250,44.7,25.59564584,0.881115302,0.108773926,0.097793504,374.1733333,6.68,1063.7
180,17031150502,67,76576,41.3,25.56239641,2.698422895,0.123978606,0.28818147,239.1666667,5.720689655,981.9310345
181,17031150600,61,84507,38.4,26.18795941,2.02802193,0.133261939,0.268127476,221.62,7.521052632,1459.947368
182,17031150700,136,85714,36.7,25.69561577,1.74769622,0.236442516,0.197820325,206.195,8.182608696,1335.282609
183,17031150800,384,68320,41.6,29.89714822,2.087158081,0.259824098,0.218600646,228.526,6.546666667,1090.133333
184,17031151001,90,81042,36.3,33.25598092,1.150975198,0.229255319,0.105061082,394.96,6.962962963,1104.111111
185,17031151002,502,64741,33.7,30.67580485,6.228807297,0.192158169,0.681988201,268.5575,6.219753086,1128.790123
186,17031151100,282,63125,36.3,34.32344435,2.64104439,0.147523278,0.269072853,211.8975,7.645098039,1235.519608
187,17031151200,239,81410,42.8,21.61393977,9.934822425,0.180308945,1.314177951,260.6233333,7.603947368,1271.25
188,17031160100,49,79643,37.9,18.33410997,2.281700709,0.109804283,0.404106678,398.985,6.927272727,1055.909091
189,17031160200,476,114453,42.3,14.07404786,7.022844236,0.111825682,1.455384451,612.5575,7.916666667,1147.068182
190,17031160300,552,76222,34.8,34.97937901,3.133108734,0.089013051,0.171824923,333.9366667,6.543548387,1044.827957
191,17031160400,757,83598,35.9,27.52036397,8.698406322,0.051256737,0.908456108,346.01,6.212809917,1055.938017
192,17031160501,293,59000,34.8,45.08257894,1.695302817,0.152836556,0.114442338,242.745,7.132222222,1262.822222
193,17031160502,295,62607,33.8,53.37752559,2.866558481,0.102240212,0.177407934,262.4133333,6.287654321,1003.296296
194,17031160601,233,82723,36.6,41.93103877,5.893765088,0.087296804,0.346131861,258.8366667,5.815189873,1049.088608
195,17031160602,345,69594,35,43.4056203,3.328296727,0.065386064,0.184252609,247.66,5.71300813,1070.235772
196,17031160700,1189,84713,38.8,34.66274275,9.806430503,0.195287959,0.809467526,259.908,5.46796875,962.9375
197,17031160800,1128,62584,33.5,30.26788968,4.456006915,0.128101181,0.39092653,234.428,6.217877095,955.2290503
198,17031160900,171,107031,37.4,16.53910283,4.460130885,0.161548195,0.600049078,316.505,5.5298071,925.7035707
199,17031161000,266,136750,37.1,20.40645265,4.095394304,0.118211468,0.521594547,262.86,6.163636364,954.8863636
200,17031161100,102,150357,38.7,15.16083337,2.804575314,0.076230632,0.532001332,245.425,6.064516129,1049.806452
201,17031161200,86,69896,35.5,26.15809226,7.901633545,0.134258016,1.012352202,360.09,6.978947368,1440.052632
202,17031161300,665,57661,36.8,32.13306453,7.333550447,0.252187396,0.509812701,163.9525,5.975700935,1020.691589
203,17031170100,30,86146,60.6,8.208407972,11.38727151,0.136887556,2.726838586,474.76,6.12,1309.2
204,17031170200,57,73075,37.9,26.68050747,1.415017155,0.214507182,0.204371518,229.3333333,6.06,986.5333333
205,17031170300,152,93281,41.4,21.53895278,2.504865859,0.161092911,0.709200542,473.148,6.585764309,1054.835974
206,17031170400,27,78167,42,22.06999782,2.425183383,0.131823937,0.284104662,232.3475,9.776923077,1284.615385
207,17031170500,118,103542,44.5,18.18760694,0.571444404,0.109268688,0.092914592,350.035,6.836363636,963.7575758
208,17031170700,,74141,43,23.99067509,0.902744254,0.070492086,0.103364512,345.56,8.833333333,1385.466667
209,17031170800,37,68611,43.6,23.20833563,1.887710876,0.150990126,0.252900205,371.0433333,8.35,1280.3
210,17031171000,139,95865,41.6,22.50811379,2.305078959,0.152978268,0.303613653,272.9183333,5.704347826,1255.652174
211,17031171100,79,99293,36.9,23.98252187,1.116346063,0.173506515,0.152205985,229.3333333,6.461904762,1199.18254
212,17031180100,174,76250,37.6,24.67029992,2.117386897,0.05937396,0.263708572,252.934,6.145794393,1147.336449
213,17031190100,380,56597,35.4,33.35886238,55.37622358,0.113548313,5.218335344,264.2,6.916666667,1265.952381
214,17031190200,330,66313,30.8,34.48405696,2.402764727,0.212898346,0.273140475,245.76,6.783168317,1263.227723
215,17031190300,339,72593,43,33.92033222,2.538559468,0.190066858,0.263410722,257.4925,7.633333333,1410.388889
216,17031190401,90,67000,36.4,25.88721788,1.321255818,0.065941197,0.180679375,228.66,5.543589744,1135.217949
217,17031190402,321,62825,36.4,34.47699727,2.240472856,0.075467944,0.227060688,254.14,6.113888889,1142.055556
218,17031190601,109,53375,35.6,44.67329746,0.532719022,0.05124949,0.051435362,231.57,6.017586885,1115.659164
219,17031190602,223,54179,36.5,40.98209285,3.549712318,0.044050031,0.47221072,236.4833333,5.85620915,1122.836601
220,17031190701,89,49531,35.5,42.42703435,2.226548728,0.095694186,0.194254817,202.51,5.04,1126.3
221,17031190702,222,45625,35.2,52.28185379,2.234748803,0.060958806,0.145654607,246.7666667,4.97,1083.52
222,17031190800,410,59471,35.2,44.5760926,2.295667825,0.089413097,0.235236021,266.884,5.482894737,1112.79386
223,17031190900,40,66786,29.5,32.63156698,3.009770073,0.065151515,0.327731092,329.92,6.231578947,1273.131579
224,17031191000,116,60250,38.1,25.1079747,6.202706148,0.074995904,0.895656821,227.99,6.292727273,1170.181818
225,17031191100,603,51590,30.9,38.00828503,3.373729243,0.08704942,0.389783551,214.5783333,7.056060606,1197.530303
226,17031191200,156,46742,33.6,39.00026949,4.31140717,0.13745401,0.766377204,248.105,6.606849315,1213.205479
227,17031191301,142,67604,35.6,37.00563231,3.427815411,0.271411339,0.461704823,210.5566667,5.258041958,1112.454545
228,17031191302,209,55308,33.4,34.65682196,3.389356917,0.139403114,0.370917883,219.945,5.087237569,973.3030387
229,17031200100,171,72857,37.1,26.88659603,1.666741156,0.145171711,0.192874513,402.7833333,7.493939394,1241.363636
230,17031200200,455,56368,39,26.16518235,7.076006928,0.034821072,0.877076314,254.4775,5.534831461,1131.955056
231,17031200300,104,72667,33.3,32.28021126,3.066928136,0.086843297,0.367520162,199.155,5.168521463,891.4833068
232,17031200401,132,46618,34.7,38.06741275,10.68756367,0.127874808,0.904027698,412.395,5.932926829,1124.45122
233,17031200402,272,52188,31.9,47.56968967,3.081527485,0.091674763,0.301839746,318.74,6.079166667,1017.920833
234,17031210100,2014,95682,33.2,22.14487519,11.76484551,0.148571297,1.80824869,206.0833333,5.819391635,1011.098859
235,17031210400,302,52639,33.3,28.14576703,5.617593688,0.16860927,0.881208685,308.455,5.177700142,891.3901442
236,17031210501,775,46369,34.8,40.68458085,10.15775056,0.143935699,0.701967593,288.34,5.878595318,950.0602007
237,17031210502,736,63512,31.6,52.8060267,4.855698733,0.155462185,0.354783477,246.7666667,5.41968254,833.8095238
238,17031210601,407,78229,37.4,38.66789615,2.754538207,0.136196776,0.277706829,244.53,7.303125,1102.5625
239,17031210602,901,78684,33,43.71361656,5.340143878,0.074785522,0.35035608,159.1433333,5.059259259,906.8809524
240,17031210700,1060,74750,30.7,35.65440104,3.766030763,0.181750644,0.293481458,341.9866667,4.214906832,817.9254658
241,17031210800,74,58929,30.8,26.84408595,9.27205197,0.270029767,0.96875,218.6,4.723300971,853.723301
242,17031210900,1215,88194,32.8,27.28275093,3.923410545,0.165262157,0.421749703,210.555,4.82845953,849.7362924
243,17031220300,592,128417,34.7,28.53675917,1.64470035,0.147931842,0.135513655,266.21,4.18490566,881.3018868
244,17031220400,747,125522,33.7,32.79290312,4.465176164,0.188782125,0.330567356,234.025,5.003322949,941.4984424
245,17031220500,1444,117609,33,31.43242449,10.18746095,0.157915516,0.696138286,319.6333333,5.808421053,1130.305263
246,17031220601,209,98214,32.9,37.30656685,4.563953937,0.172012414,0.32016066,261.52,6.076146789,1059.43578
247,17031220602,3245,55833,32.6,42.81727063,5.015454186,0.079517392,0.212761271,155.032,5.588235294,1146.25
248,17031220701,358,72500,31,50.34308385,4.303693358,0.167312913,0.28988297,282.08,4.955367232,976.5141243
249,17031220702,750,66174,31.2,38.10519319,5.06067418,0.192772645,0.683869865,293.37,4.867752443,928.8827362
250,17031220901,212,48477,29,46.81103717,1.125294091,0.227091316,0.111048189,347.35,5.264107884,961.6224066
251,17031220902,452,58636,31.1,35.8701657,5.219739966,0.214449512,0.457704363,308.46,5.110204082,915.2959184
252,17031221000,928,51989,30.9,51.01340338,3.365355668,0.14728606,0.18113318,259.505,4.847377088,881.5138268
253,17031221100,1616,73600,33.5,49.50737306,3.239201224,0.27475891,0.1941122,164.9566667,4.565068493,878.4452055
254,17031221200,780,120863,31.7,40.07895359,5.05649797,0.175671436,0.305152092,221.285,4.299250936,839.4157303
255,17031221300,2300,65625,31.3,34.53678421,11.27757195,0.098958333,0.71283098,237.8266667,4.391743119,818.9296636
256,17031221400,3478,138594,31.7,33.87828628,8.658912445,0.168691749,0.528540574,306.67,4.383431953,802.591716
257,17031221500,1014,71439,35.4,37.17007327,6.905513111,0.121976058,0.40115305,287.67,4.81641791,1013.059701
258,17031221600,1208,188864,31.8,40.99962465,29.69157243,0.130129671,1.600427351,343.325,5.470175439,1046.578947
259,17031222200,1266,228125,32.1,39.89221039,7.781439433,0.252081039,0.473319295,97.23,5.529347826,1008.5
260,17031222500,264,74792,31.9,44.67244086,2.274512149,0.218874203,0.168880455,207.87,4.109090909,966.6363636
261,17031222600,177,87188,32.1,40.142164,2.143637493,0.278201465,0.121037464,261.52,5.014285714,948.4285714
262,17031222700,323,74000,30.9,46.45467406,4.676883101,0.111427248,0.361445783,142.16,7.681818182,1068.113636
263,17031222800,43,47031,33,37.00421802,2.523014865,0.119547492,0.180821918,278.95,5.293939394,1049
264,17031222900,24,55375,27.9,19.87853102,3.763870288,0.276538259,0.601208459,270.91,5.25,1030.833333
265,17031230100,147,61250,31.1,44.71311081,0.89725306,0.198037018,0.057692308,227.99,6.725714286,1080.257143
266,17031230200,182,61406,34.8,40.65921279,3.311010814,0.236205955,0.286415712,202.51,4.641666667,1000.166667
267,17031230400,71,54625,34.5,25.59576612,1.905951032,0.275699268,0.223386864,253.475,5.436526946,1028.479042
268,17031230500,268,33672,37.5,31.60769536,4.813530594,0.206211298,0.698689559,261.52,1.5,465.6666667
269,17031230600,1520,42902,28,38.38795783,3.668471975,0.340070127,0.53382233,229.78,4.737384899,948.3112339
270,17031230700,975,44798,29.6,37.04231924,2.226541893,0.272406229,0.22435995,216.9275,6.876190476,1120.333333
271,17031230800,11,59539,34.7,28.21336279,3.662787449,0.256692464,0.518207283,378.2,5.328313415,963.5150935
272,17031230900,1509,56667,34,45.46600666,2.205106778,0.155000181,0.15377546,211.0066667,6.472272144,1020.522465
273,17031231200,1364,36330,32.5,42.43054533,3.181068417,0.152356167,0.281993757,261.52,3.815728155,738.5902913
274,17031231500,2037,41722,38.7,23.74045888,5.306219784,0.14800759,0.64418019,312.0333333,4.610666667,892.1748148
275,17031240200,537,199464,35.5,43.53739042,4.112306834,0.185878963,0.194723618,277.61,5.235365854,928.1341463
276,17031240300,2026,167083,32,30.76132378,22.58362206,0.174698795,1.535283993,219.94,4.63,805.4333333
277,17031240500,2819,209917,31.9,40.23692752,15.44160871,0.257534247,0.677570093,295.05,5.602040816,912.5714286
278,17031240600,248,138333,31.6,38.83240799,5.595373529,0.066465257,0.354575163,232.01,4.629411765,885.3529412
279,17031240700,145,96324,33.4,43.83618677,17.31429295,0.193910256,1.034379671,264.2,4.366115702,916.2644628
280,17031240800,175,64531,34.8,36.44163179,3.148924291,0.265139116,0.230952776,205.865,4.984173913,911.8417391
281,17031240900,558,43098,35.3,13.39800953,25.91533093,0.204778157,3.655804481,164.96,4.996358543,941.5098039
282,17031241000,669,62011,32.3,40.94152173,14.05535089,0.131132809,1.166687753,293.035,4.580838323,889.0179641
283,17031241100,1969,66667,30.4,49.19297793,2.400066123,0.295498393,0.127391488,219.275,4.40077233,816.2971793
284,17031241200,1159,163214,32.5,29.10214181,9.56001807,0.203341714,0.807893111,270.905,4.049299835,754.3364909
285,17031241300,710,183750,31.4,51.54652181,7.251041824,0.19409667,0.388375165,441.23,4.177434842,737.3463649
286,17031241400,10540,189896,30.8,42.62880786,21.83474348,0.025210084,1.070769121,199.825,4.33113577,735.3825065
287,17031241500,8794,176250,31.8,39.83469795,21.67253664,0.260270621,1.509984116,199.38,3.837240933,705.1612694
288,17031241600,5213,119500,29.3,51.70017009,6.850442886,0.316939891,0.279541334,338.63,4.609029926,797.5697257
289,17031242000,5461,131853,30.6,65.90858848,16.3193393,0.304276818,0.623512019,208.32,4.261,794.7985714
290,17031242100,5788,156607,33.2,50.04275505,7.139326055,0.416354528,0.341133219,272.2466667,4.784749035,886.0019305
291,17031242200,4643,158906,32.2,42.25630132,9.695052342,0.271356784,0.45683558,222.625,4.438326848,828.2081712
292,17031242300,2526,128833,33.1,40.74301807,7.077617705,0.225473322,0.395609152,205.86,4.665341488,889.6921509
293,17031242400,1843,151625,31.8,35.31097023,32.64977518,0.089563863,2.027009584,234.695,4.683157895,879.3473684
294,17031242500,1667,89176,32.3,43.80819809,5.990088062,0.181372549,0.290183179,261.52,4.98559322,881.9661017
295,17031242600,2982,60735,33.6,48.74332175,7.888787951,0.231689088,0.403201566,231.3425,4.847552448,853.3286713
296,17031242700,264,51146,34.2,38.47054465,3.065657543,0.269668909,0.178763441,240.06,3.766402116,748.6772487
297,17031242800,372,103333,34.9,15.53644723,6.045310205,0.291242363,1.020408163,328.57,4.288315217,800.8152174
298,17031242900,460,135156,34.8,20.15633781,9.486024812,0.193256579,1.171945393,158.255,3.961666667,707.6708333
299,17031243000,1238,103906,36.8,29.88761294,19.79746242,0.288205858,1.335288994,337.29,3.931811487,702.6863034
300,17031243100,1312,145625,33.3,30.16142997,11.99884419,0.251587118,1.696231806,142.16,3.913423517,688.3152966
301,17031243200,1804,173966,34.2,29.7206882,12.10635566,0.114927345,1.33463021,187.755,3.409751098,636.6491947
302,17031243300,2529,120078,31.6,37.04253827,100.4546319,0.266100606,8.990006632,251.46,6.980952381,1197.984127
303,17031243400,3335,104750,36.6,32.23198552,12.59482293,0.183967986,0.924263881,208.77,6.766210046,1164.100457
304,17031243500,12002,182543,31.7,21.72029488,29.83607883,0.201136792,3.260007974,171.66,6.694634146,1176.270732
305,17031250200,178,65329,33.7,24.60464475,1.871007965,0.231651359,0.330979673,292.36,6.654545455,1158.933884
306,17031250300,542,35278,30.5,37.81375822,0.984656461,0.199146854,0.108632303,324.8875,6.429302326,1108.493023
307,17031250400,1168,49647,34.9,20.9972171,1.663810401,0.192377359,0.300965391,210.824,6.119767442,1126.206977
308,17031250500,362,115074,41.1,14.94097908,2.903774693,0.104904086,0.572099149,396.2057143,5.193814433,1027.190722
309,17031250600,523,62188,37.3,25.73945405,1.024635529,0.15269753,0.126750113,270.905,4.796666667,962
310,17031250700,1055,44929,40,34.02565509,0.372969624,0.298280014,0.032762933,248.644,6.002768166,1060.152249
311,17031250800,463,45492,36,23.07391849,5.230086703,0.27459732,1.23070306,244.08,6.553888889,1061.438889
312,17031251000,92,29276,32,8.320002515,3.562001077,0.396505376,1.205278592,127.41,6.46975089,1084.86121
313,17031251100,823,30805,37.2,35.98151901,0.611073378,0.153061224,0.043947369,231.68,6.689285714,1018.607143
314,17031251200,448,51419,38.1,28.71629233,1.674214785,0.147508533,0.257004224,231.0075,6.024054153,972.7483362
315,17031251300,766,37067,38.1,24.74196019,0.789254164,0.166626955,0.10065108,199.56,5.484574468,1037.005319
316,17031251400,931,57952,53.6,24.27905266,0.915132708,0.131589078,0.087384072,218.6,7.908695652,1179.173913
317,17031251500,881,37679,33.4,26.73712248,0.470036255,0.120645587,0.057234594,258.5025,6.517647059,965.725
318,17031251600,536,26781,26.9,35.05167777,3.470461259,0.191923077,0.456092055,263.3066667,6.427023499,978.9882507
319,17031251700,48,57898,39.1,11.08978976,0.792723873,0.240466476,0.259562842,96.56,6.716436252,980.8709677
320,17031251800,1991,27091,32.2,23.82281399,3.833562438,0.213657567,0.764755526,253.74,5.747945205,945.260274
321,17031251900,1984,21463,33.2,27.42617321,1.768006614,0.244406153,0.168048817,291.025,6.031153389,870.4601665
322,17031252000,1845,26222,36.5,34.59988335,5.685846916,0.268260962,0.318787183,226.65,5.79338843,908.4628099
323,17031252101,199,28421,55,17.24968544,1.222524435,0.158066067,0.150413223,339.3,6.420466786,936.4847397
324,17031252102,2212,49542,31.1,44.10523127,1.060920673,0.103833264,0.11470938,203.85,4.676335878,859.3740458
325,17031252201,662,38984,49.8,31.00370626,5.089367136,0.161992026,0.563787382,180.1566667,4.86875,851.2916667
326,17031252202,1578,28300,37.9,32.14368531,4.047508788,0.264024851,0.450935038,195.538,5.705714286,899.0857143
327,17031260100,234,31250,42.1,14.34985341,2.337757747,0.207394541,0.354048964,442.57,5.703125,844.75
328,17031260200,148,38056,36.4,13.27603343,6.358062871,0.284457478,1.622222222,346.01,6.606481481,897.6481481
329,17031260300,181,37784,27.5,17.79468369,2.46387928,0.418681062,0.368715084,364.78,6.717647059,905.6386555
331,17031260500,211,32109,36.1,20.53726682,2.88936445,0.32424904,0.438181818,0,5.48996139,855.2432432
332,17031260600,297,28315,25.5,26.25507641,0.662520774,0.436356639,0.099980035,164.29,5.733333333,902.0384615
333,17031260700,336,28875,41.1,22.55796558,1.322725647,0.495056963,0.210282568,171.665,5.106451613,822.3709677
334,17031260800,601,24153,31.1,32.83313393,1.093258495,0.272785317,0.107583289,199.825,5.82716763,836.8843931
335,17031260900,234,42208,31.2,26.15204612,2.71247468,0.226775956,0.381633571,337.96,5.819912303,859.7945576
336,17031261000,324,35058,34.4,19.45478106,1.117295902,0.402429791,0.172525427,111.985,6.5,1083.975
337,17031270500,467,32083,34.6,19.46290802,0.632083616,0.53149329,0.079470199,140.82,6.227819549,855.3458647
338,17031271200,101,33565,32.6,16.07124365,2.443134427,0.55922036,0.496124031,245.42,5.439215686,834.0588235
340,17031271400,286,25391,34.2,14.65337617,6.396217186,0.292365481,1.150776053,92.54,4.14228013,671.1197068
341,17031271500,108,46917,31.3,40.47453209,1.870357306,0.361035017,0.15560166,206.53,4.659183673,826.8707483
342,17031271800,96,20104,35.3,16.5680515,3.17176729,0.386209223,0.73853211,257.5,4.355952381,698.7142857
343,17031280100,21498,195677,32.5,45.49380781,187.0879762,0.687382298,11.5004624,120.7,4.547391304,758.9434783
344,17031280400,401,26625,35.4,14.18300979,22.51552805,0.396825397,4.759795571,417.09,5.347131148,784.3980756
345,17031280800,187,31429,53.3,15.51710877,0.681494642,0.422718808,0.108938547,126.07,5.247826087,827.1086957
346,17031280900,594,17458,30.5,34.96867229,0.95272871,0.325268817,0.071428571,252.13,4.728070175,763.4210526
347,17031281900,17721,142569,31.5,157.2812599,272.8307063,0.516363636,8.602189944,226.2033333,5.080103359,786.9870801
348,17031282700,1255,59009,31.3,19.96143733,4.604976465,0.339113571,0.739106984,192.45,4.865546218,829.4117647
349,17031282800,344,76488,27.2,40.37104063,5.904264692,0.53988341,0.352941176,215.92,4.821794872,851.7788462
350,17031283100,1240,53967,28.8,61.97091456,7.925525911,0.571682868,0.357718925,224.64,6.277589852,936.6448203
351,17031283200,383,92500,29.1,30.61214091,1.78827205,0.212983464,0.141552511,41.57,5.509465021,889.6995885
352,17031283800,866,125833,33.5,33.35052544,2.3782363,0.2819534,0.215637568,255.48,5.066666667,1009.833333
353,17031290900,1235,30056,33.2,17.06632081,1.098027379,0.680463576,0.258273469,263.865,5.595927602,973.2624434
354,17031291200,575,17857,26.6,31.94923884,1.012392661,0.480620155,0.089344018,152.885,5.804697987,964.704698
355,17031292200,577,38212,35.9,27.36903616,0.357135826,0.435616438,0.037343611,333.94,6.268,1056.56
356,17031292400,407,41875,37.9,26.46055022,11.16153307,0.394678492,1.504882424,282.98,6.737777778,1093.533333
357,17031292500,783,44732,33,24.77129634,3.833576112,0.360995851,2.112937069,285.32,6.735294118,1117.376471
358,17031300500,65,36184,36.4,39.59209728,5.254526522,0.665137615,0.390524756,291.695,5.710714286,1027.714286
359,17031300600,180,44931,32.6,40.0743859,3.967561338,0.353720366,0.420925249,112.655,5.558461538,1037.676923
360,17031300700,190,37730,31.6,56.84835389,2.222522457,0.352640545,0.144128206,218.1566667,5.2,954.3529412
361,17031300800,109,30313,27.1,50.5554458,2.075122307,0.51396648,0.139803957,225.305,5.764179104,1023.462687
362,17031300900,187,31204,47.3,56.40010433,5.092201481,0.470899471,0.344452262,297.2833333,5.774380546,936.8398064
363,17031301100,45,37946,35.6,48.90777246,2.220156388,0.536690987,0.131928948,239.39,9.418181818,1173.454545
364,17031301200,407,33866,29.1,41.24859536,3.145987092,0.162771268,0.423656028,206.0866667,6.845454545,1032.181818
365,17031301600,68,29385,36.4,60.09003301,2.951556477,0.199095023,0.199777618,226.65,9.433333333,1239.866667
366,17031301701,77,39076,36.7,48.153189,3.853866729,0.457350723,0.307722324,159.1466667,7.92962963,1101.888889
367,17031301702,29,44706,30.6,54.66898474,1.222595814,0.280060883,0.090585658,168.9833333,5.912,880.56
368,17031301801,48,37816,29,35.29949953,0.488933689,0.266469712,0.102966883,417.085,4.352222222,749.4888889
369,17031301802,170,35846,30.9,42.30131358,5.197592786,0.386020781,0.457075772,265.0933333,5.537959184,870.5183673
370,17031301803,76,40844,31.9,61.193379,11.90282072,0.566509287,0.611292222,273.14,4.730136986,784.1780822
371,17031310200,349,74236,34.3,21.62642844,4.100997395,0.14,0.462312441,251.46,4.558947368,814.5473684
372,17031310300,735,53500,36.8,23.07303715,8.407645817,0.452578623,0.908713693,194.46,5.197202073,890.9606218
373,17031310400,185,97083,31.9,38.53778318,2.904202119,0.4527638,0.170498084,219.94,4.789393939,861.6818182
374,17031310500,307,35365,31.5,43.45438844,18.57348108,0.353708906,1.212523719,304.43,5.842021277,939.0132979
375,17031310600,3203,51597,32,36.29601938,9.908022061,0.244800085,0.730482316,158.2533333,5.66843318,889.4285714
376,17031310700,244,58371,38.4,36.92006207,3.262115073,0.21323176,0.24665392,248.11,4.767008614,763.4380579
377,17031310800,1211,62861,32,45.00892433,7.754952857,0.331341081,0.57914351,179.2633333,7.332927199,1005.932654
378,17031310900,1223,36996,31.8,54.93161971,9.070072916,0.248732181,0.550012218,247.2166667,4.735992403,790.9826686
379,17031320100,41613,181226,#N/A,88.34879698,323.0988481,0.255569469,8.958884479,183.7325,#N/A,#N/A
380,17031320400,9756,250000,21.7,32.03148283,366.1326453,0.293736397,52.02130682,99.24,5.233333333,958
381,17031320600,14010,178881,33.3,60.9612215,49.11798629,0.244761509,1.254481829,212.565,6.102468085,819.9995745
382,17031330100,29777,180539,#N/A,67.08887053,29.87490251,0.158378411,1.105838796,124.055,#N/A,#N/A
383,17031330200,1394,159583,40.4,37.68299341,1.292503454,0.253373113,0.156461109,232.685,7.536486486,965.527027
384,17031340400,28,53173,38.9,28.31171687,5.143783124,0.18277137,0.540263543,186.42,5.581504702,903.4545455
385,17031340500,180,24395,50.9,22.89362901,2.072729262,0.066520468,0.181924883,257.5,6.239506173,818.308642
386,17031340600,129,16114,23.9,11.40401957,22.88285463,0.179356713,4.979069767,261.52,5.547058824,724.7058824
387,17031350100,1019,79125,29.6,19.49194662,0.903955984,0.208616633,0.073567827,335.28,6.90483871,932.6935484
388,17031350400,195,19444,25,46.81773746,0.555975111,0.217397911,0.036474164,398.31,7.516883117,991.6883117
390,17031351100,885,11457,24.3,36.22712626,5.477885368,0.296934866,2.873691637,297.73,8.463636364,1015.818182
391,17031351400,257,16622,31.6,22.93573111,4.934430168,0.320683112,0.500633714,405.02,7.815,1028.333333
392,17031351500,63,13707,29.2,20.74040844,1.137432796,0.457110827,0.051446946,246.095,5.814035088,886.0175439
393,17031360200,148,36802,32.3,31.3732137,0.062621185,0.411089866,0.00456621,146.18,6.708695652,967.6459627
394,17031380100,197,49940,47.8,19.20118054,1.326556598,0.300986815,0.130228137,343.33,8.794444444,1259.388889
396,17031380500,21,22019,#N/A,21.34301278,0.640783293,0.434754067,0.078787879,166.3,#N/A,#N/A
397,17031380700,163,45495,#N/A,21.10533699,3.757577644,0.345170455,0.519450801,387.58,#N/A,#N/A
398,17031381200,462,87250,36.5,37.96260196,1.153812543,0.386717733,0.110031968,200.495,6.333018868,901.5377358
399,17031381400,497,26321,37.6,20.26724393,1.252326548,0.164164732,0.141823444,218.6,6.006024096,875.8795181
401,17031381800,206,44286,49,15.89971407,1.519730443,0.3490701,0.188369102,165.63,6.722727273,886.2727273
402,17031381900,95,54308,37,29.82925978,23.84184199,0.279648609,2.056251984,194.465,7.117547492,953.0279792
403,17031390100,356,104563,30.4,21.30385278,3.419471911,0.457746479,0.380090498,425.14,8.10419708,1018.040146
404,17031390200,193,102031,37.7,23.51112533,1.463320175,0.7,0.125422298,460.005,6.092647059,891.2867647
405,17031390300,973,24405,34.9,45.04625622,2.764792298,0.228082665,0.150069641,223.295,6.772681091,923.2351621
406,17031390400,652,68750,46.9,32.6419916,1.964561504,0.740121581,0.105707096,272.915,7.195692308,988.8923077
407,17031390500,56,82333,39.7,18.54660431,0.694257915,0.344938528,0.07436919,343.33,6.685054348,971.5271739
408,17031390600,227,121250,37.3,25.26903849,1.459157056,0.186635945,0.126112751,327.9,6.74327957,972.4408602
409,17031390700,1837,117125,45.7,79.20001088,2.961358724,0.600760456,0.099729368,242.7466667,5.11,838.95
410,17031400300,417,34500,35.6,12.59739426,1.645217778,0.138263666,0.281045752,237.38,8.484375,1113.075
411,17031400400,414,35881,34.9,28.12632711,0.558762523,0.531202435,0.060220843,252.13,10.28,1360.48
412,17031400500,841,22419,29.8,22.52447508,0.488531736,0.479087452,0.050510077,325.22,6.094817073,956.1402439
413,17031400800,1033,23134,30,22.11503462,2.014922159,0.322071249,0.187470487,202.505,6.15666982,943.8514664
414,17031410100,1178,101289,30.6,60.16492979,6.48877398,0.433333333,0.236971345,184.405,7.952197802,993.3406593
415,17031410200,53,78417,26.4,99.00896335,0.936402554,0.3798627,0.022288262,111.31,8.499658703,1028.095563
416,17031410500,439,128307,27.5,37.99584124,3.158979942,0.445289297,0.139832793,211.225,8.65,1081.7
417,17031410600,79,83125,26.4,45.46088641,15.2344176,0.342981187,0.850615922,219.275,6.979782401,936.9035748
418,17031410700,911,100927,27.9,39.19759943,8.01214694,0.318181818,0.414563107,331.26,7.551785714,1082.232143
419,17031410800,3130,77788,31.9,50.17023593,22.44163042,0,0.859679835,222.63,6.871111111,994.9111111
420,17031410900,677,115179,35.9,48.85814839,7.697685868,0.365324331,0.290425225,88.51333333,7.457142857,1060.795918
421,17031411000,1000,103438,41.1,50.50628474,15.1681618,0.311235971,0.559833617,210.5566667,7.158823529,1039.921569
422,17031411100,54,188819,31.3,40.50337933,2.30668882,0.205128205,0.157271485,270.235,5.913105413,928.2136752
423,17031411200,37,200000,44.1,19.24099329,3.4260306,0.138356661,0.719423795,285.66,6.943438914,1008.778281
424,17031420100,156,24107,48.3,22.02552312,3.181295323,0.438292867,0.276821192,284.32,7.027659574,1038.3026
425,17031420200,123,41618,30.5,24.55259071,8.517047016,0.441899555,0.95709571,325.89,5.248979592,886.4217687
426,17031420300,152,51447,20.7,45.18820715,0.478793572,0.273572377,0.040166205,128.75,7.621052632,975.3684211
427,17031420400,139,27000,29.9,19.32056855,4.578171857,0.287160941,0.376933896,236.04,8.007919255,1120.164596
428,17031420500,920,40063,46.8,27.30145018,1.020561879,0.285553115,0.07699655,77.115,7.736546185,1114.473896
429,17031420600,540,27813,36.4,34.83420295,0.697528485,0.39379085,0.043124884,181.05,7.192674617,1057.890971
430,17031420700,1174,25024,33.8,19.21856262,0.508260326,0.41289521,0.082163655,218.872,6.096791444,937.5989305
431,17031420800,771,46389,30,25.45895592,1.501996657,0.483763468,0.158108558,236.035,5.351792829,881.4541833
432,17031421200,83,57778,30.9,15.2659857,1.424078282,0.611503004,0.22512628,217.93,7.104859813,1013.185047
433,17031430101,1952,31926,35.2,38.58424119,2.796637821,0.550308943,0.185825166,208.545,4.158730159,746.4444444
434,17031430102,708,38629,45,63.12831693,0.450199832,0.436849926,0.010644396,186.4166667,10.55,1295.547059
435,17031430200,1659,33085,35,30.96765658,0.990167677,0.393448451,0.081185359,232.548,7.000113284,1041.51874
436,17031430300,502,16935,23.9,24.40438709,2.138654911,0.327983792,0.211319488,300.8566667,8.334,1146.4
437,17031430400,678,44386,37.8,20.14137908,1.623750735,0.387378641,0.198549937,338.9675,5.835,976.9375
438,17031430500,1344,19532,39.9,44.77182323,2.917124949,0.50626763,0.152857517,194.91,7.500852273,1159.377841
439,17031430600,758,46806,40.1,23.38303581,2.32419085,0.358083168,0.285256456,290.355,7.576574803,1133.364173
441,17031430800,110,72637,36.5,21.66252538,0.678097793,0.270851581,0.086503752,287.67,7.616393443,1096.352459
442,17031430900,126,56513,56.3,19.57667795,1.138728747,0.331897854,0.156476998,270.905,7.64044665,1077.198511
443,17031431200,235,69500,49.3,17.46519825,0.994123193,0.537748344,0.1456321,209.215,6.852534562,1018.417819
444,17031431301,904,38125,28.8,36.63392471,0.701543882,0.429042904,0.062490946,331.7033333,6.721717172,950.1161616
445,17031431302,1531,34141,30.1,38.0332128,1.26637223,0.409972299,0.097017531,322.3166667,7.061484952,934.8099343
446,17031431400,1758,30774,37.5,44.76267112,3.612163966,0.521800281,0.164233153,151.21,9.041025641,1064.461538
447,17031440101,1928,21512,36.6,46.76891911,0.841898743,0.437487222,0.043430206,295.3825,6.925,908.125
448,17031440102,1086,41334,40.7,26.08722965,3.124225033,0.454914789,0.25339424,237.3775,9.060465116,1193.883721
449,17031440201,1718,40269,34.7,36.73546768,1.431875598,0.427407606,0.07495773,218.265,10.02873563,1321.517241
450,17031440202,569,49861,49.6,18.21939883,2.235809348,0.357342658,0.261073675,298.6233333,6.846391753,1055.587629
451,17031440300,747,67159,48,14.8502178,0.937357452,0.491794237,0.148352381,286.998,9.882926829,1407.073171
452,17031440600,105,68606,44,11.13449842,0.452683112,0.405347395,0.113333334,272.245,7.100846561,1069.437037
453,17031440700,44,61000,49.4,17.7961568,3.165812407,0.518478553,0.465854007,221.285,7.974285714,1135.314286
454,17031440800,117,26875,33.4,25.84489132,0.439563567,0.521606729,0.041236906,176.36,8.314,1225.453333
455,17031440900,244,65233,47,15.57323332,0.366988945,0.549099816,0.060367351,415.3,8.047457627,1155.508475
456,17031450300,527,59938,48.4,11.30750088,14.5150423,0.434909272,2.856605172,245.76,7.15127551,1051.045918
457,17031460100,231,39659,33.7,19.45410322,0.87942378,0.554400237,0.151455437,242.4075,7.41875,1178.40625
458,17031460301,79,38846,27.8,25.99698183,1.238844776,0.374583769,0.153396892,348.2433333,7.117595628,1024.587978
459,17031460302,409,29980,34.9,21.15503852,0.350680673,0.472041118,0.050376406,466.3725,7.341935484,1053.096774
460,17031460400,320,58704,36.4,23.64511741,0.483101953,0.217363344,0.052369636,459.6675,8.591666667,1168.333333
461,17031460500,1008,78553,42.6,17.99543882,2.146966278,0.397993387,0.472511349,300.9842857,7.308333333,889.625
462,17031460700,97,25625,#N/A,25.58658552,0.752723697,0.284946237,0.087273106,182.84,#N/A,#N/A
463,17031461000,85,44732,49.1,9.469283431,11.96461631,0.382936916,2.171465969,72.42,9.919230769,1102.576923
464,17031470100,409,59732,50,6.747577326,4.746948816,0.532959032,2.069622779,398.315,8.8,1087.8
465,17031480100,63,78281,49.9,15.2687318,1.84912,0.380624579,0.303640192,270.24,5.157142857,669
466,17031480200,21,56250,53.8,16.52782867,4.232046588,0.463147178,0.464638158,241.4,7.996103896,1075.727273
467,17031480300,64,66071,43.4,10.71654235,1.716733098,0.392321179,0.398149644,251.46,8.328070175,1024.403509
468,17031480400,726,71438,50.4,12.75934354,3.568871434,0.516243629,0.606135791,319.3771429,7.593103448,1060.206897
469,17031480500,88,50313,48.3,10.60145732,0.701802726,0.210950858,0.245058484,382.6666667,6.75826087,893.9913043
470,17031490300,121,70000,#N/A,14.9927724,0.339774452,0.266945172,0.06096865,250.79,#N/A,#N/A
471,17031490500,237,59922,45.1,7.919282288,0.191614606,0.069595629,0.145466764,101.255,7.674006932,1019.201418
472,17031490600,146,43073,45.4,8.905476511,0.190237148,0.329187779,0.057553957,516.33,7.951574803,1120.877953
473,17031490700,156,56250,37.5,17.85025702,0.1809779,0.348408542,0.034437891,380.4333333,8.451612903,1130.56129
474,17031490800,246,45385,40.5,16.82376983,1.232288501,0.353645772,0.18829284,240.596,8.4325,1142.85
475,17031490901,449,45819,39.1,18.05167988,0.279161408,0.17827054,0.044345986,211.8966667,7.285714286,1003
476,17031490902,653,56296,39.5,15.05680425,0.526934085,0.461457991,0.087460318,302.4225,9.225694444,1141.347222
477,17031491000,645,58889,36.4,12.69119942,2.768403813,0.340697784,0.652277214,444.984,7.751648352,1037.89011
478,17031491100,346,63301,47.5,13.00231371,0.955654449,0.245839026,0.2228744,382.218,6.727965436,951.4681209
479,17031491200,88,55000,51.1,13.06212977,1.422809261,0.333275682,0.312670389,373.7266667,7.981818182,1096.181818
480,17031491300,123,35417,33.4,16.31579105,3.558769354,0.255642138,0.970267746,330.92,10.2,1147.5
481,17031491400,418,35284,27.9,24.00197444,1.815484055,0.234135494,0.329598938,206.9766667,7.626923077,1022.153846
482,17031500100,228,67044,50.2,8.018404006,0.966407753,0.325068871,0.40906779,441.8975,7.521320755,1027.024528
483,17031500200,1308,35833,29.8,5.881078599,2.71817219,0.308809512,2.574960584,250.79,7.466666667,1153.333333
484,17031500300,30,45903,41.7,10.19014798,2.698507875,0.651832461,0.878702803,398.315,3.4,553
485,17031510200,72,52188,40.4,12.35059287,0.334476851,0.386381527,0.135125402,363.8866667,8.800783875,1152.81523
486,17031510300,1502,30741,35.1,10.25649352,1.179208389,0.160448717,0.495004041,204.855,3.9,665.6666667
487,17031520400,2,54093,34.5,26.75756766,1.440589722,0.231578948,0.193483561,202.845,8.645657403,1119.256534
488,17031530100,21,48958,40.2,15.32135667,0.853170389,0.391537766,0.18437633,248.11,8.75974026,1171.961039
489,17031530200,464,51563,38,12.24281274,0.169508231,0.150074773,0.048220995,278.686,11.88925234,1303.724299
490,17031530300,288,52045,38.6,14.20078201,0.708437314,0.276161796,0.271774799,306.445,10.21764706,1179.322964
491,17031530400,80,70556,38.5,6.739818969,1.259726449,0.158990523,0.831989109,595.455,10.29719302,1234.99174
492,17031530501,619,51086,29,14.42589163,0.195345318,0.198813056,0.040409499,375.1775,9.7,1225.2
493,17031530502,14,57667,40.5,8.903087427,0.040155678,0.127366406,0.013513514,603.5,12.55555556,1882.777778
494,17031530503,426,55066,34.6,15.89944584,0.291070535,0.14028777,0.061160956,295.4933333,4.8,973
495,17031530600,204,42976,35.9,12.23459258,0.169693303,0.207523588,0.043964008,117.57,8.766666667,1041
496,17031540101,635,22452,25.3,8.85939004,0.197185475,0.172699741,0.08204354,335.2775,9.86,1101.6
497,17031540102,348,21125,26.1,8.382568252,0.455062235,0.29405781,0.954197374,350.0333333,9.948,1175.8
498,17031550100,136,74219,39.4,10.11280766,1.358556579,0.252065239,1.063572733,354.0566667,8.982352941,1008.058824
499,17031550200,39,79464,42,6.540797587,0.141104772,0.384771945,0.31139008,455.31,9.907142857,1153.642857
500,17031560100,15,72188,47.5,8.975817091,5.056551929,0.206847824,2.535087719,386.24,10.47003704,1248.112507
501,17031560200,5,63214,42,8.309726123,0.673931726,0.133414894,0.306513014,485.93,7.343333333,1101.933333
502,17031560300,29,54119,38.4,21.56304761,1.952537314,0.335459527,0.30792652,441.23,6.125720966,923.9345284
503,17031560400,11,56202,37.2,18.88628938,2.895500518,0.365224922,0.534065934,227.99,7.643333333,1146.466667
504,17031560700,82,69631,35,23.13760201,4.077158548,0.170770959,0.547304938,278.285,12.85238095,1511.238095
505,17031560800,95,86000,35.7,18.31918158,2.769399105,0.241361713,0.424485341,306.848,6.951351351,1074.027027
506,17031560900,53,107159,43,16.03865722,1.84308191,0.236393148,0.317119114,448.3833333,5.976923077,897.2307692
507,17031561000,26,129617,47.6,19.20434796,2.075072048,0.208309798,0.326849677,397.4183333,9.229411765,1111.794118
508,17031561100,50,101985,40.8,18.49838653,0.984026287,0.062736307,0.20391265,354.7283333,12.13333333,1240.666667
509,17031570100,121,54514,32.6,3.462873521,10.03488617,0.250793901,9.091566265,236.04,7.136507937,1091.730159
510,17031570200,151,74659,31.8,4.763159465,9.774352306,0.140495868,6.97704918,270.91,6.996078431,955.2941176
511,17031570300,434,52786,32.6,27.27960315,6.508977004,0.263151155,0.978773611,365.455,5.624426323,879.2006448
512,17031570500,87,52986,34.6,21.7696045,2.46990992,0.112846041,0.402800478,242.74,7.192727273,1121.618182
513,17031580100,113,46500,36.7,15.49474169,3.596304079,0.094099333,0.693931333,253.475,6.56,1063.4
514,17031580200,78,36944,29.5,27.58573305,3.50315038,0.056463049,1.240647397,148.19,6.161904762,870.2380952
515,17031580300,32,54130,33.1,21.95223842,6.461089352,0.109433962,1.07275321,75.1,8.511439998,1066.324239
516,17031580400,183,51216,33.1,26.09230316,3.242537147,0.307205194,0.386145203,265.2075,7.524,1057.1
517,17031580501,180,38989,30.9,40.82339474,1.837292684,0.308930745,0.173185588,185.075,8.0671875,1023.28125
518,17031580502,101,42516,32.1,45.41300743,10.35303938,0.122799157,1.081044839,288.34,13.03333333,1287.444444
519,17031580600,183,61386,31,45.03971922,2.235343158,0.233304898,0.17918646,245.4225,7.040909091,1054.545455
520,17031580700,169,44802,29.3,42.29603634,0.816079147,0.145520187,0.116943509,426.92,6.08120819,888.3243462
521,17031590500,85,76923,42,24.18707402,5.449313636,0.150579151,0.657686212,226.65,4.257142857,885.7142857
522,17031590600,96,51176,35.9,42.8543733,0.511715856,0.155743229,0.03666974,343.7766667,7.8,1048
523,17031590700,146,51818,35.8,26.90256789,3.060479105,0.216333172,0.776424918,223.965,7.272727273,1048.818182
525,17031600600,78,37909,39.8,34.20880746,2.423168148,0.529156215,0.237453049,261.52,6.85862069,1046.068966
526,17031600700,48,44911,31.4,24.7973521,1.072346943,0.146963055,0.104061625,209.215,6.928571429,1118
527,17031600900,328,60750,37.6,36.13169386,2.541980681,0.128750766,0.184920601,224.975,7.225,1060.35
528,17031610300,856,42466,30.4,19.32088203,2.938299765,0.087719298,1.534436522,486.8233333,7.052941176,1158.705882
529,17031610400,27,42721,26.6,49.12977796,3.075261215,0.21848713,0.212692967,257.5,9.79,1172.3
530,17031611000,25,29750,#N/A,6.351959736,2.545061309,0.106228611,1.218430034,308.46,#N/A,#N/A
531,17031611100,25,31250,#N/A,28.6763913,0.40424547,0.092307692,0.043006841,254.3633333,#N/A,#N/A
532,17031611200,77,27773,34.4,32.72063193,2.204387779,0.151532285,0.263642931,374.175,9.042857143,1291.714286
533,17031611300,44,37917,31,30.9363951,4.391776944,0.051241613,0.392365334,324.9966667,6.1,972.6428571
534,17031611400,52,43299,30.8,41.03867803,1.435237165,0.052589998,0.112586293,239.1666667,10.4,1475.25
535,17031611500,100,35884,31.1,38.84715315,1.605740525,0.070157692,0.244253856,265.545,9.46,1272.8
536,17031611600,15,37583,33,20.35571872,0.708526051,0.071004771,0.081125885,228.66,8.223809524,1173.47619
537,17031611700,27,29083,38.3,20.70384521,4.281625768,0.079518072,0.653013207,220.39,5.704761905,986.6190476
538,17031611800,59,58092,37.7,28.57785816,0.287366386,0.142622951,0.031558186,330.585,7.38917727,1072.774046
539,17031611900,107,25658,29.2,15.66582881,0.332018388,0.174828277,0.057611477,374.845,8.33125,1159.625
540,17031612000,37,57798,35.3,16.38087313,0.079468995,0.180037958,0.014955868,208.54,6.2,1092
541,17031612100,22,38958,34.9,13.08206561,0.150657185,0.167901632,0.033898305,211.9,6.116666667,1140.833333
542,17031620100,135,64438,33.4,24.76838202,2.426828586,0.137727206,0.497747212,477.4366667,5.687929318,957.3797909
543,17031620200,69,75833,34.4,18.38370094,3.706667345,0.099527243,1.11304859,282.305,6.957777778,1116.355556
544,17031620300,188,63587,36.2,34.56758319,1.914128725,0.142653352,0.279740588,312.4816667,7.388679245,1171.471698
545,17031620400,57,78656,26.9,28.01955528,0.771459009,0.197157576,0.110461119,212.5675,6.531818182,1077.772727
546,17031630300,181,52286,31.7,25.56893293,5.404691705,0.158440964,1.257867204,434.525,5.914285714,1139.142857
547,17031630400,150,36221,29.7,41.98554505,1.444879104,0.232495621,0.131825559,217.2625,8.396572642,1140.393609
548,17031630500,146,48859,28.6,38.66763034,1.107036242,0.165344982,0.119124939,244.7525,4.333333333,746.6666667
549,17031630800,148,53273,26.7,43.88183833,2.042703795,0.136957131,0.19108678,266.215,6.723076923,976.9230769
550,17031630900,88,46113,31.6,36.72212056,1.975504934,0.093309859,0.211652195,359.8666667,7.75,1245.8125
551,17031640100,11,55750,31.8,19.50226182,1.669351215,0.150554675,0.259259259,276.27,6.1,1050
552,17031640300,94,72284,33.9,25.35380387,1.501176051,0.210040058,0.177457147,240.9533333,6.125,1063.857143
553,17031640400,8,69857,37,14.31945293,4.444428562,0.139121301,1.563857916,354.055,8.995789474,1266
554,17031640500,42,92975,39.8,24.35136566,0.331026755,0.220410339,0.033962379,211.9,7.75625,1322.9375
555,17031640600,56,54252,39,24.83207389,1.885033952,0.213086702,0.211305234,192.23,6.23,977.2
556,17031640700,43,62333,34.4,22.54686571,2.338921809,0.266806723,0.339599417,240.395,5.6575,1000
557,17031650100,94,42123,30.6,26.47187009,1.620747694,0.174036139,0.255074591,231.0075,7.227272727,1254.318182
558,17031650200,282,60868,32.9,30.51416756,3.968109782,0.259993317,0.468045837,284.095,7.22244898,1236.673469
559,17031650301,181,64750,34.6,22.75215032,2.246294694,0.152658662,0.364454753,370.15,6.19047619,1109.428571
560,17031650302,39,49680,27.7,25.43272769,1.716126138,0.183333333,0.286556793,386.915,6.172727273,1186.242424
561,17031650400,169,57022,28.4,24.22027656,0.997740214,0.515358362,0.13597225,263.932,7.711491443,1274.716381
562,17031650500,930,74718,37.7,19.32094241,3.608143553,0.290912369,2.179963153,475.2066667,6.844444444,1139.650794
563,17031660301,54,31146,30.1,37.23697016,2.273258961,0.291155831,0.171962617,168.98,6.679196822,1137.71598
564,17031660302,171,36713,32.3,41.30431962,1.572307676,0.300157723,0.122412296,255.4825,7.828706625,1230.507886
565,17031660400,107,60069,29.2,37.78289414,0.885444136,0.227937703,0.101151679,260.51,7.269255663,1204.754045
566,17031660500,111,45139,33.2,28.97926139,1.246437607,0.252949463,0.121511984,348.6925,8.082242991,1303.990654
567,17031660600,1040,31205,30.8,35.60953664,1.677628908,0.235765866,0.13991861,217.798,8.3,1111.157895
568,17031660700,172,27000,46.3,14.1214829,3.629900479,0.25437674,0.742806839,243.415,9.025,1312.5625
569,17031660800,630,37854,31.7,30.39289311,0.420389991,0.240885094,0.040621934,208.678,5.873333333,1015.733333
570,17031660900,906,36991,32.3,30.5209124,4.733511702,0.539862025,0.942173526,360.3133333,7.920833333,1167.583333
571,17031661000,787,43235,36.8,18.47188224,2.48069195,0.376838836,0.437247978,299.338,5.966666667,890.6666667
572,17031661100,269,64419,31.2,27.62401683,0.400125993,0.471751412,0.059642436,282.172,5.614285714,1033.142857
573,17031670100,33,36587,43.7,11.73069015,0.383791424,0.053938178,0.092261905,266.21,4.275,851.0625
574,17031670200,29,35833,45.8,10.95570833,0.532913414,0.140086207,0.13030303,261.52,5.972222222,1131.222222
575,17031670300,22,33750,36.9,14.4227236,3.872140713,0.084819534,0.642542046,227.99,7.24375,1016.875
576,17031670400,47,39000,37,20.53115944,0.074388259,0.095844498,0.011450382,307.12,10.18333333,1551.833333
577,17031670700,43,34063,27.6,13.28896208,2.270303212,0.250847458,0.456098389,240.06,8.521052632,1167.842105
578,17031670800,59,27917,50.3,14.72092026,0.862384945,0.205342237,0.104567308,300.41,5.632727273,926.6727273
579,17031670900,33,34271,28.4,18.20236909,0.221327007,0.210960885,0.035894028,285.655,8.690909091,1198.204545
580,17031671100,26,36042,46.2,17.23129414,1.634002031,0.162220106,0.331103679,268.22,8.266666667,1051.833333
581,17031671200,19,35208,29.1,15.47687028,1.64069412,0.140065838,0.380033794,313.82,6.608695652,1033.73913
582,17031671300,135,32614,50,16.08425603,0.172324615,0.135354406,0.028772615,282.5266667,7.815384615,1178.207692
583,17031671400,39,42321,45.7,11.37040115,0.13758144,0.16565782,0.038642076,311.14,8.122727273,1094.181818
584,17031671500,362,32163,39.9,13.06686552,1.574194748,0.24691358,0.403037467,221.73,6.318181818,934.2727273
585,17031671600,117,30242,39.5,20.45740089,0.337355037,0.071776704,0.06435339,291.0233333,6.199975885,911.1459115
586,17031671800,17,38698,32.1,15.67678494,0.124815167,0.063467377,0.026525199,376.85,7.358115183,1026.528796
587,17031672000,336,37354,39.9,21.38945782,0.428693934,0.059822174,0.205817818,285.3225,7.029545455,1026.177273
588,17031680500,60,23864,36.5,15.73622726,0.027023346,0.204218801,0.00483871,244.085,7.763870968,1031.8
589,17031680600,23,21250,27,15.50571743,0.172230963,0.09032089,0.04404762,293.035,6.807017544,1011.517544
590,17031680900,1357,23808,44.9,13.5717677,4.05204627,0.131998161,0.674838993,472.075,6.534,918.2733333
591,17031681000,528,24604,45.5,15.64798159,0.823719216,0.078015873,0.133999152,248.44,6.883076923,961.2564103
592,17031681100,607,30330,28.9,18.67857174,0.803320941,0.096256608,0.173168237,226.382,8.593333333,1076.466667
593,17031681200,566,24275,25.2,13.63758839,0.292277618,0.095791072,0.117117916,246.7675,6.234513274,936.679646
594,17031681300,388,30156,25.1,17.55703645,0.107799057,0.03674833,0.018444974,332.5966667,6.137253412,870.0932596
595,17031681400,274,40156,38.8,14.29670354,0.531798089,0.082067386,0.110383954,218.265,6.270731707,869.1289199
596,17031690300,396,19167,42.1,17.50101082,7.305195983,0.108778389,1.451418503,165.63,6.120855615,899.1203209
597,17031690400,1071,29207,40.6,18.8371513,1.106796775,0.426168224,0.122652407,240.3975,6.358715596,885.0642202
598,17031690500,85,33833,41.3,7.814350752,0.776425876,0.23502172,0.193146417,166.3,6.101808786,879.0568475
599,17031690900,1435,61125,35.9,25.5693581,1.004894683,0.152534239,0.144404059,220.748,7.565420561,1073.495327
600,17031691000,513,71016,46.6,16.40380504,0.977888063,0.23134654,0.150907298,251.125,7.053424658,1180.287671
601,17031691100,730,25729,38.4,19.48229391,0.603299064,0.352144063,0.076881224,170.6575,6.552702703,1074.027027
602,17031691200,906,31250,29,14.49007055,0.896642392,0.37841125,0.231010362,237.3766667,6.466666667,1125.111111
603,17031691300,300,46250,54.7,16.91825174,1.587132682,0.310453106,0.253439121,259.51,8.414893617,1287.829787
604,17031691400,1027,38056,37.5,18.09382531,1.983294108,0.300734453,0.252599889,214.848,6.972778561,1130.779569
605,17031691500,322,31081,31,14.56293353,2.602023057,0.301998159,0.411891363,274.4833333,7.882539683,1270.126984
606,17031700100,199,73523,31.3,9.543421527,1.298274322,0.130906295,1.049247787,464.03,8.04779661,1303.813559
607,17031700200,192,74915,36,19.17909196,2.277513206,0.291282642,0.620394837,312.48,7.37254902,1162.039216
608,17031700301,116,75737,31.7,21.90139648,2.4281511,0.478787879,0.593947927,578.47,6.004761905,879.1904762
609,17031700302,127,80195,35.6,18.24910279,0.596524358,0.374731183,0.103232275,434.8575,7.580043384,1108.114967
610,17031700401,243,79722,34.6,18.12376779,0.734982643,0.349236641,0.188776317,364.445,7.015555556,1115.644444
611,17031700402,150,65871,34.1,17.08176274,1.381892444,0.262857143,0.312618335,432.7333333,7.041309824,1165.866499
612,17031700501,813,73688,48.2,17.86969888,1.256726046,0.464650538,0.3134944,466.04,7.608787879,1176.69697
613,17031700502,136,121182,39.6,15.60236008,0.999189792,0.243392706,0.226085343,619.6,7.763043478,1223.021739
614,17031710100,52,22303,44.6,20.63769398,0.507946889,0.433106085,0.055214724,225.31,6.870709844,1041.852663
615,17031710200,1278,33995,35.3,25.46712378,0.496782914,0.265656566,0.051898405,302.022,6.663389121,1028.405858
616,17031710300,140,36985,40.3,18.17277389,4.348617545,0.140468227,0.653061224,374.17,6.599029126,967.2524272
617,17031710400,1090,63042,36.6,21.19341579,0.278850254,0.590185863,0.041202066,239.8383333,7.082142857,1105.071429
618,17031710500,860,31804,32.5,30.25168746,0.963784966,0.365540847,0.095883517,280.9675,6.659036145,1005.771084
619,17031710600,137,38269,47.2,29.19633758,0.578130218,0.428943673,0.050287357,270.905,6.820487805,1065.639024
620,17031710700,551,40882,40.7,23.17041483,2.745438095,0.378933802,0.247221805,248.4425,5.775,988.3333333
621,17031710800,1311,33325,38.8,23.23615919,1.657554429,0.477541738,0.264410176,154.675,6.588118812,1044.772277
622,17031710900,252,37153,31.7,8.996640987,1.487399547,0.421750663,0.465483972,413.065,7.074545455,1018.890909
623,17031711000,393,38664,40.3,16.35906998,0.19011411,0.252459016,0.030098133,249.0033333,9.594736842,1374.105263
624,17031711100,214,49750,44.4,16.93689981,0.776902286,0.236364016,0.134414803,337.5133333,7.7,1095.233333
625,17031711200,555,70224,42.2,20.6602461,0.936029004,0.338651659,0.117134857,233.02,6.70029098,1056.446013
626,17031711300,43,67273,50.2,21.39075581,1.40952836,0.311309524,0.180249183,248.78,16.1,1759.5
627,17031711400,263,46083,33.4,15.50300342,1.151353082,0.669397193,0.255993765,264.65,13.31111111,1415.333333
628,17031711500,148,44583,40.1,16.08683156,0.032038323,0.545705342,0.006793479,342.655,5.725,741.75
629,17031720100,57,172935,40.5,9.213810403,1.554429992,0.384350359,0.508741172,415.7466667,9.051515152,1193.121212
630,17031720200,155,93318,51.9,10.86336024,1.544090773,0.511376849,0.383461086,386.2433333,9.121568627,1157.196078
631,17031720300,74,123715,47,13.94200173,4.434933424,0.383734773,1.037449226,462.015,7.59125964,1163.005141
632,17031720500,121,156992,45.4,13.81591857,2.304268852,0.348601611,0.433450262,322.54,6.891304348,1013.869565
633,17031720700,66,107292,40.2,11.58404769,0.665411436,0.472903341,0.128865185,538.6833333,8.95408805,1099.327044
634,17031730100,115,69643,42.3,17.96116034,0.300178645,0.407026561,0.052402244,320.5266667,8.412941176,1120.141176
635,17031730201,1123,52344,42,24.36311211,0.48401775,0.560747664,0.054126078,455.982,9.002666667,1177.946667
636,17031730202,254,71364,42.6,17.78598047,1.262168017,0.336661146,0.336822695,605.2933333,4.442307692,620.9615385
637,17031730300,80,57188,49.1,15.63833213,3.741096165,0.268796962,0.647619048,160.93,6.106744422,874.9891336
638,17031730400,317,98207,40.3,13.96589257,1.900089974,0.39817909,0.440675359,353.0475,12.11666667,1350.083333
639,17031730500,504,61485,47.5,15.41836856,0.433569904,0.423923586,0.099283586,376.52,9.1725,1079.675
640,17031730600,252,48523,34.4,14.49584067,0.159686596,0.287909744,0.032897312,277.61,8.04,988
641,17031730700,169,53777,41.1,11.43725952,1.00989727,0.372377676,0.18633253,284.985,9.536363636,1365.727273
642,17031740100,18,105577,38,14.26480002,2.946907061,0.612344425,0.536895726,182.7275,7.683333333,809.3333333
643,17031740200,77,123625,35.6,15.72410104,2.396962253,0.111267197,0.929097868,424.4625,7.475850461,967.7415332
644,17031740300,38,140000,41.4,16.32785391,0.799921772,0.07705936,0.174483498,456.248,10.25619048,1137.142857
645,17031740400,42,110234,36,12.59835045,1.069545422,0.04897099,0.183212103,463.0225,7.889641434,995.4820717
646,17031750100,244,46094,43,12.84361894,0.591564297,0.077847009,0.129423209,420.4425,4.25,671
647,17031750200,57,112083,43.7,8.736049988,1.070180548,0.033236663,0.278016048,413.065,6.892424242,892.9242424
648,17031750300,31,110536,40.8,15.34284312,2.217451007,0.073610132,0.412110093,333.49,5.2,726
649,17031750400,21,119803,44.5,14.03384036,2.804095553,0.087666925,0.553908849,557.9066667,17.81606426,1647.411647
650,17031750500,1152,68327,48.3,9.496713579,2.367760543,0.058237477,0.773056667,431.5025,6.44,843
651,17031750600,271,56023,37.4,14.15393603,0.591366608,0.445807771,0.199387981,347.015,8.511111111,1136.351852
652,17031760801,698,75553,32.4,15.60995107,44.92216152,0.316457856,5.928822041,216.595,6.58697318,1053.381226
653,17031760802,28,90382,58.3,4.217955488,1.785667477,0.322820037,0.95903829,494.87,5.258788496,882.0268012
654,17031760803,171,52658,38.3,49.56972019,2.780353172,0.278002112,0.128138995,364.1175,5.119806763,917.5652174
656,17031770500,3,41088,26.9,7.042633896,4.957647091,0.372882638,64.89846114,396.3,5.741666667,1012.291667
657,17031770602,9,74500,39.2,5.09511865,6.028808108,0.420193444,6.010902297,393.3933333,5.257053292,1048.291536
658,17031770700,1384,80921,37.4,2.139127213,24.16607217,0.278500204,35.83265878,358.08,6.481868716,1117.77448
659,17031770800,3,62585,42.9,6.18493794,4.578914365,0.319856832,2.217827816,316.5,5.133766234,988.3506494
660,17031770902,,81974,46.2,13.50898741,1.532376147,0.252784422,0.290747915,395.635,4.476988156,885.6514382
661,17031800200,,250000,49,5.966222927,1.726966765,0.226255242,0.811665522,786.5666667,4.942343387,857.1218097
662,17031800700,,233750,44.3,7.367382078,1.598448027,0.242710204,0.966895791,634.35,3.581433692,734.4784946
663,17031801100,,199306,42.7,10.75344368,2.53148904,0.189950981,0.784653934,296.0525,5.115774648,812.3521127
664,17031801200,,250000,52.4,8.320492815,1.393529167,0.228151413,0.420859156,523.0366667,8.051666667,1210.65
665,17031802200,,166691,47.2,5.469503743,3.020300955,0.207871631,1.196972707,129.6433333,6.702547771,995.4267516
666,17031802300,,189527,47.1,4.915351595,4.996574449,0.008385744,2.425786442,95.22,7.871033777,1141.831116
670,17031805402,,100625,45.7,11.04890824,4.073450809,0.035490253,1.076141655,108.632,0,0
671,17031805501,,147279,50.7,10.59239167,4.082193648,0.03346656,1.491323639,371.9366667,0,0
672,17031805502,,198406,45,9.295170963,6.301739395,0.048449901,1.918552586,600.8225,0,0
673,17031805901,,103077,49.8,7.10520614,5.817924339,0.122041552,2.051409204,236.4833333,0,0
674,17031806001,,61134,43.2,16.98545472,4.323088902,0.237426439,0.447141454,517.3375,0,0
676,17031806102,,113828,41.9,4.720305691,3.252045175,0.216666667,1.852001742,463.58,0,0
677,17031806502,,88507,41.3,9.170925778,3.810809574,0.108498656,1.38344285,309.13,0,0
678,17031806600,10,90865,44.5,6.472966414,7.877150039,0.141593719,4.290371775,347.35,0,0
679,17031806801,2,91364,47.5,14.57888179,5.556488556,0.148070063,2.856344962,297.0575,0,0
680,17031806900,14,100481,49,9.60980271,9.805079265,0.099167898,4.432699652,259.2833333,0,0
681,17031807100,,126350,41.1,9.498347052,1.874246762,0.064741049,0.547681926,509.18,0,0
682,17031807300,,72273,39,16.19861062,4.173946033,0.042924847,0.751352015,308.19,0,0
683,17031807600,107,72011,46.1,9.798792316,5.019785561,0.011529585,4.891444029,411.452,0,0
684,17031807700,,85056,42.9,12.38907356,5.023099114,0.089977188,0.907634708,376.5225,0,0
685,17031807800,6,125500,40,5.342362909,9.783357016,0.190244552,7.950368933,85.16,0,0
686,17031807900,,156125,46.7,8.373986363,4.667267413,0.105730006,1.682906042,344.6666667,0,0
687,17031808001,,108750,47,8.014150891,5.785405372,0.062029295,2.05329227,303.5433333,0,0
688,17031808002,71,105516,45.1,8.681296656,7.950832426,0.02092499,3.862176325,351.04,0,0
689,17031808100,19,70726,67.7,3.79661656,6.815957728,0.097580182,8.229756894,328.575,0,0
690,17031808200,,80577,41.7,10.28051539,5.040443277,0.246528435,2.068613876,193.12,0,0
691,17031808301,1,98367,50.5,8.979651036,6.53604129,0.111233603,2.014579342,348.3575,0,0
692,17031808702,,175000,20.2,32.5766273,130.7284931,0.10062333,26.53227003,188.425,0,0
693,17031808800,1,226806,44.4,8.309091808,15.44655486,0.122380528,6.483754868,89.18,0,0
694,17031808900,,195625,46.6,12.2653357,2.059819179,0.088067226,0.420305071,290.5766667,0,0
695,17031809200,,60042,34.8,19.40069764,2.739299762,0.044822805,0.503542777,243.0775,0,0
696,17031809300,17,184083,24.7,22.65973201,9.031646346,0.043852292,1.479251324,424.2433333,0,0
697,17031809400,173,128897,#N/A,31.6774648,49.76427683,0.096830596,3.376258745,147.19,#N/A,#N/A
698,17031809500,7,117955,30,23.10058096,21.72946043,0.013473054,2.477758359,214.13,0,0
699,17031809700,3,110809,43.2,11.84968802,4.599504869,0,1.323979309,384.0066667,0,0
700,17031809900,13,217458,38.7,16.36571866,4.663835055,0.080446317,0.625094482,363.44,0,0
701,17031810000,9,148583,38.4,31.05985142,4.106736764,0.045143213,0.21139968,509.6233333,0,0
702,17031810200,38,72628,36,32.44257711,5.51946944,0.120414135,0.490765643,279.8466667,0,0
703,17031810301,32,96058,38.5,13.58017891,4.892812049,0.09523012,1.795530204,307.1175,0,0
704,17031810400,21,138507,45.2,11.37845384,2.459993341,0.110338982,0.725827482,597.47,0,0
705,17031810501,,99306,46.2,11.12196694,2.292231989,0,0.52225337,563.538,0,0
706,17031810502,89,73257,44.5,12.71664046,15.86081974,0.043976684,4.294350714,404.482,0,0
707,17031810701,,64663,40.7,33.00960521,1.037962917,0.027009223,0.089034154,509.29,0,0
708,17031810702,3,83894,41.7,21.89503805,5.524277409,0.011820331,0.655791344,207.8733333,0,0
709,17031810900,8,65758,37.2,24.8241257,2.675242711,0.015427971,0.307981616,410.116,0,0
710,17031811100,1,66053,35.7,9.799957985,2.947385156,0.027103829,1.153842565,356.202,0,0
711,17031811200,,84018,38.4,10.0651933,3.865899567,0.017539991,2.452354722,406.628,0,0
712,17031811302,7,43720,35.2,6.739198233,5.138698807,0.036772217,5.998384837,433.18,0,0
713,17031811600,6,56143,39.7,9.885670073,5.723632812,0.053116896,1.81504669,493.8675,0,0
714,17031811701,,69355,32.2,7.426613059,7.896637917,0.060523184,6.664001284,195.135,0,0
715,17031811800,,80052,39.7,7.88783817,2.471174464,0.021042641,2.368011041,456.6525,0,0
716,17031811900,,210875,37.6,8.363019294,2.451949393,0.073679848,1.253765302,562.265,0,0
717,17031812000,11,183098,43.1,9.379723436,4.456510706,0.087069237,0.962573006,331.255,0,0
718,17031812100,8,128750,38.5,17.31153616,0.396240557,0.021601334,0.065495676,287.268,0,0
719,17031812200,,238688,42.8,11.78978304,3.35493776,0.072577896,0.907643093,380.5425,0,0
720,17031812301,70,99750,43.4,30.82064441,32.50161015,0.056612319,1.763625972,181.9466667,0,0
721,17031812400,,234167,43.2,9.706766634,2.423837018,0.156773158,0.871369704,262.4133333,0,0
722,17031812500,54,130125,41.7,14.33491585,12.00822406,0.006507592,2.100569451,200.83,0,0
723,17031812600,18,108056,41.5,21.38525116,4.636864526,0.026500085,0.378227352,284.99,0,0
724,17031812700,5,119444,44.7,21.6025834,4.840299103,0.055376172,0.527131119,334.3866667,0,0
725,17031812801,3,101350,39.9,43.77140284,9.285570522,0.101067759,0.380793901,280.965,0,0
726,17031812802,,103239,36.5,26.30545089,18.22540869,0.049960301,1.265744438,361.2066667,0,0
727,17031812900,12,155160,37.7,17.36849776,8.062478854,0.027718268,1.353902712,415.0775,0,0
728,17031813000,1,127330,36.3,19.94535262,4.320321948,0.054073691,0.680961643,283.78,0,0
729,17031813100,8,114653,40.1,20.55749655,2.297341139,0.012451185,0.356968185,265.004,0,0
730,17031813200,,161268,41.3,18.64472545,2.256893065,0.049781989,0.387551559,333.67,0,0
731,17031813301,,39750,24.6,36.21164461,1.966911506,0.00487013,0.301332295,235.1433333,0,0
732,17031813302,6,39508,30.4,21.04486722,8.358218902,0.017241379,1.464443466,201.17,0,0
733,17031813400,2,49453,26.2,36.44331764,1.552366655,0.075619215,0.240220328,412.1716667,0,0
734,17031813600,,56919,29.1,34.59807764,14.55468622,0.037982536,1.548182026,441.2266667,0,0
735,17031813701,5,49453,33.2,31.02571306,3.325219536,0.036722634,0.449534215,255.485,0,0
736,17031813702,12,52055,31.9,38.54653531,5.100366671,0.138236597,0.933308536,264.5375,0,0
737,17031813801,20,50417,25.9,14.43573974,13.20791063,0.088825391,3.313055539,308.01,0,0
738,17031813802,,43346,29.6,35.95286923,10.58516296,0.063549161,1.241533988,282.9775,0,0
739,17031813900,6,44884,32.5,39.79193355,2.574835771,0.076892226,0.283706279,219.14,0,0
740,17031814100,1,45492,31.9,33.45742693,2.188550545,0.022222534,0.382383847,245.8733333,0,0
741,17031814200,262,47321,33.1,23.92204482,2.97243296,0.009398585,1.407038182,270.235,0,0
742,17031814300,,55238,30.4,27.25402924,1.732317849,0.089732295,0.292082979,284.99,0,0
743,17031814400,,54489,30,22.42625669,4.123798825,0.046413502,0.954359648,249.6733333,0,0
744,17031814500,,68328,35.6,22.76872822,2.667366158,0.049484821,0.608390907,123.3833333,0,0
745,17031814600,,65000,35,28.2154124,2.124609551,0,0.262628337,241.934,0,0
746,17031814700,2,81698,37.3,25.6755226,5.400750382,0.040202962,0.796771157,219.406,0,0
747,17031814800,14,75668,41,19.93404129,2.228082743,0.06237484,0.93216055,301.216,0,0
748,17031814900,9,69112,33.1,47.33955395,1.696854511,0.034645669,0.118148663,237.7125,0,0
749,17031815000,2,69458,40.1,32.85917009,5.44664617,0.01227209,0.55595691,272.25,0,0
750,17031815100,,83665,35.3,25.50926843,4.281355382,0.050793631,0.54797887,351.3733333,0,0
751,17031815200,3,59400,34.6,20.56985431,2.326080682,0.015459796,0.420074849,230.404,0,0
752,17031815400,7,75833,38.2,14.27035847,12.50717865,0.050153247,2.626003907,294.04,0,0
753,17031815500,1,74491,30.1,22.83693661,1.938582594,0,0.290479571,252.3242857,0,0
754,17031815600,174,77941,37.8,11.08949919,4.914965308,0.070965687,2.079992885,552.272,0,0
755,17031815702,,122344,45.2,7.898446761,1.497978876,0.011272142,0.51585863,696.846,0,0
756,17031815900,3,92688,42.1,30.36830378,5.17869454,0.081887822,0.319111192,396.9733333,0,0
757,17031816000,5,120833,34.9,13.90040503,4.581697975,0.026585358,0.693137734,299.5166667,0,0
758,17031816100,134,89674,41.5,12.0611592,7.457978932,0.060021436,3.239226593,315.1633333,0,0
759,17031816200,7,76607,39.7,8.217665475,3.294966551,0.060326087,1.456555039,624.5166667,0,0
760,17031817101,9,54261,38.3,20.63006721,0.802265064,0.071209669,0.118218126,108.63,0,0
761,17031817200,6,60114,34.5,16.95764909,0.767553969,0.073957635,0.148106018,119.695,0,0
762,17031817300,,48977,30.5,14.328171,1.864936543,0.069078947,0.402948403,708.11,0,0
763,17031817500,6,56838,43.4,9.821432596,5.779059696,0.015487026,2.004228312,189.4325,0,0
764,17031817900,41,68150,46.4,9.874477551,2.237669609,0.028761062,0.761003345,378.732,0,0
765,17031818000,,72730,39.3,7.154700356,7.332485844,0.165186898,4.209455667,277.6133333,0,0
766,17031818300,,71182,35.9,10.49575902,2.895868102,0.06145134,1.387115227,552.5425,0,0
767,17031818401,,92500,45.8,2.299443654,2.358444505,0.027507882,3.713648462,636.0275,0,0
769,17031818900,,116750,44.9,12.5265415,3.773457976,0.022360557,0.612824601,266.4333333,0,0
770,17031819200,,71717,37.2,12.9546096,2.156654585,0.044155304,0.584779911,572.3225,0,0
773,17031820502,6,70485,43.7,7.782972119,4.319285728,0.014985,2.200323322,444.5825,0,0
774,17031820700,,77092,39,10.1152301,1.671468833,0.056932326,1.302721186,418.43,0,0
775,17031820800,,74423,34.8,13.10372686,1.57576029,0.033108364,3.211984365,615.1233333,0,0
776,17031820901,189,67571,35.8,12.46282586,2.908966976,0.034341218,4.734559583,271.24,0,0
777,17031820902,14,92430,34.5,15.49059971,8.34651789,0.058905808,8.713935058,376.855,0,0
778,17031821102,1,60536,33.9,9.503014766,2.370559332,0.020618557,0.950401255,415.7475,0,0
779,17031821200,5,66952,37.7,9.154155942,3.081415998,0.055963338,0.99162032,328.9075,0,0
780,17031821402,19,76290,45.5,7.242730119,2.376924264,0.020716723,0.660630604,203.4033333,0,0
781,17031821600,268,79333,42.1,10.7783812,4.954714486,0.06248285,1.024034162,486.558,0,0
782,17031821700,,98125,39,12.34594786,2.120289654,0.009057971,0.492096624,341.986,0,0
783,17031821800,15,90863,41.1,10.92953157,7.095469728,0.050105042,2.1202062,328.575,0,0
784,17031821900,15,98869,42.7,11.27833968,3.870486393,0.011480602,1.09215322,553.614,0,0
785,17031822101,,81518,37.9,9.549028902,3.407670319,0.014883067,0.87507667,480.4575,0,0
786,17031822102,49,105833,45.3,11.02706175,17.79005962,0.006524318,7.570663641,359.42,0,0
787,17031822500,,76642,47.1,10.26329108,2.797395015,0.013139696,0.788408957,448.605,0,0
789,17031823200,,78268,44.5,3.159727467,3.812381742,0.043356644,5.045471885,865.025,0,0
790,17031823304,5,83300,37.7,9.662018878,1.489208669,0.023783443,0.567949038,554.33,0,0
791,17031823603,,44875,32,4.853593517,1.936999112,0.141670578,2.640508145,252.8,0,0
794,17031824400,,64605,55.4,2.681735124,5.697527219,0.02230461,5.339130435,1062.17,0,0
796,17031824702,,78882,38.5,11.96874625,0.80015265,0.019794846,0.230235835,535.1066667,0,0
799,17031825600,,54426,30,4.522924875,1.31927672,0.015556637,2.011220223,640.385,0,0
800,17031825700,,53125,38.1,5.842485027,0.989628269,0.049918542,0.385802149,577.1266667,0,0
801,17031825802,3,46986,37.6,18.99666384,0.81273821,0.00809307,0.133537853,445.7,0,0
802,17031825803,2,70345,41.5,15.06745372,1.813478848,0.034421317,0.339227918,416.014,0,0
806,17031826500,4,46463,30.9,9.096703658,0.789924088,0.025493421,0.339892771,309.465,0,0
807,17031826600,3,44219,29.1,17.49820526,0.731560439,0.019384471,0.131970064,507.48,0,0
808,17031826700,6,42670,33.8,18.3632935,1.020269879,0.065926407,0.119328835,479.7875,0,0
809,17031827805,,79950,45.2,4.277175373,0.580406786,0.061905156,0.457401947,436.7566667,0,0
813,17031830500,153,42946,34.9,11.95116694,2.834223264,0.043831755,2.687899636,257.4933333,0,0
814,17031830600,1533,45000,32.2,38.91166474,8.952515599,0.027295286,2.243693009,228.66,0,0
815,17031830700,4846,80400,34.9,33.29419689,26.05147846,0.010755622,1.768113648,173.34,0,0
816,17031830800,779,119894,32.8,32.40048935,10.66124599,0.081610961,0.534248729,208.77,0,0
817,17031830900,4616,106724,31.6,17.72547166,19.87093985,0.059675306,3.714995914,168.98,0,0
818,17031831000,1969,210313,34.3,32.89538631,13.05780699,0.028106509,0.816448802,264.87,0,0
819,17031831100,3499,62786,33.8,36.44547464,4.72789748,0.142036779,1.382331241,299.07,0,0
820,17031831200,359,41296,37,34.45153827,2.839366027,0.046126677,0.322294982,208.77,0,0
821,17031831300,62,53854,50,7.353828473,8.849879538,0.013983051,3.452054795,112.65,0,0
822,17031831400,1680,39231,41.4,5.472776133,8.950802967,0.002971768,8.791484732,268.895,0,0
823,17031831500,983,60938,35.5,16.52003553,6.266992436,0.076098559,1.328055747,218.605,0,0
824,17031831600,834,61939,38.7,21.42322376,4.234837218,0.011682243,0.651292234,287.67,0,0
825,17031831700,236,68056,41.3,19.00752119,7.336903178,0.077788706,1.263089005,254.81,0,0
826,17031831800,546,66568,34.9,30.66142452,4.482864135,0.005747126,0.655457804,159.324,0,0
827,17031831900,2266,229318,30.5,36.40212596,10.37330306,0.019317852,0.612107514,232.685,0,0
828,17031832000,5848,228125,30.4,44.1290656,27.15634806,0.030868111,1.333333333,215.92,0,0
829,17031832100,3060,130063,29.1,71.90172727,6.343161749,0.003494874,0.240024576,154.6766667,0,0
830,17031832200,1965,209205,32.3,34.35890277,8.458781695,0.068287838,0.821257085,232.9066667,0,0
831,17031832300,2922,158750,31.2,10.17437692,20.03350578,0.010251323,4.421997755,222.63,0,0
832,17031832400,1466,126750,31.4,38.14787075,9.385544031,0.017862319,0.644083288,236.035,0,0
833,17031832500,4458,219048,31.5,19.35516685,16.27268324,0.036966283,2.129179354,317.175,0,0
834,17031832600,9969,246875,29.7,25.88757461,21.1139594,0.071775321,2.816153462,256.6,0,0
835,17031832900,444,162813,26.5,23.9041306,12.21521615,0.02642309,1.116141228,299.74,0,0
836,17031833000,31481,210000,32.8,14.67256542,58.21861561,0.016396017,7.827362538,301.08,0,0
837,17031833100,14377,195787,33.1,33.15036505,45.23296473,0.013927665,3.101328299,167.1933333,0,0
838,17031833300,1193,154167,23.9,23.68981249,13.14832868,0.056647087,1.580168776,206.53,0,0
839,17031833900,127,33250,26.5,18.46136548,1.541667151,0.048750225,0.252767906,195.13,0,0
840,17031834000,1457,46250,34.8,10.60503977,0.162131313,0.025203252,0.063055427,392.945,0,0
841,17031834200,1808,77500,35.1,20.03686317,2.395407602,0.089869834,0.488906398,242.0725,0,0
842,17031834300,1409,75847,44,13.59188709,1.243561783,0.023805915,0.313992084,336.6216667,0,0
843,17031834400,871,74663,35.6,29.84309639,3.14185408,0.06526715,0.261240346,330.8066667,0,0
844,17031834500,200,41146,32.1,11.99784527,5.170583027,0.104278304,1.202839757,371.49,0,0
845,17031834600,380,33636,51.5,4.844274527,0.540069081,0.052382896,0.314087177,238.3825,0,0
846,17031834700,182,28661,41,8.985628472,0.316292003,0.181325783,0.077340485,236.4866667,0,0
847,17031834800,312,38750,46.1,10.07964148,0.701846493,0.005474453,0.146870952,202.0633333,0,0
848,17031834900,153,29750,48.5,15.10459531,0.203049333,0.054585153,0.024208566,262.86,0,0
849,17031835000,849,33922,34.6,29.06928777,1.675864799,0.043939157,0.259425635,243.816,0,0
850,17031835100,208,44323,27.1,31.7168969,1.271341214,0.060590685,0.27917569,225.31,0,0
851,17031835200,281,70962,38.7,8.269614324,10.38205046,0.075026101,3.75147929,77.78,0,0
852,17031835500,86,29135,44.6,6.915823002,3.077528223,0.060682829,0.909693923,152.215,0,0
853,17031835600,240,39417,54,3.728494593,3.246514945,0.076023135,1.85150953,161.605,0,0
854,17031835700,7,49519,#N/A,8.851826594,0.106392147,0.054446734,0.032467532,181.05,#N/A,#N/A
855,17031835800,367,31875,31.1,26.6065808,0.400960313,0.035334703,0.043076923,244.08,0,0
856,17031835900,1571,52386,#N/A,20.30457704,2.151333491,0.021152798,0.234576816,240.0633333,#N/A,#N/A
857,17031836000,333,95109,35,25.03748568,1.927749683,0.046943756,0.304047117,298.6233333,0,0
858,17031836100,486,26360,27.3,16.25025108,1.088140491,0.049292228,0.994690514,305.3266667,0,0
859,17031836200,2918,221042,19.8,9.527088173,131.9299766,0.027708734,176.2857143,206.53,0,0
860,17031836300,57,86131,30.2,49.4413071,1.000665913,0.043498527,0.065004072,275.6,0,0
861,17031836400,761,45449,34.7,27.35991631,1.000414423,0.09125157,0.08068461,257.94,0,0
862,17031836500,168,45530,32.5,29.2292147,0.123206206,0.103571868,0.015822612,235.365,0,0
863,17031836600,930,56594,32.5,16.88600626,4.979627397,0.104556605,0.949196913,275.605,0,0
864,17031836700,662,38821,34.8,10.71041531,5.245462152,0.092018667,1.726439791,245.425,0,0
865,17031836800,767,19079,29.3,18.9620058,1.295691167,0.080380288,0.177753963,224.635,0,0
866,17031836900,227,28971,29.6,30.73698467,0.294838772,0.015653775,0.027262792,126.735,0,0
867,17031837000,295,39175,37.3,19.93432751,3.153221388,0.017865875,0.415156915,23.47,0,0
868,17031837100,470,32298,40.4,8.301784077,4.74149624,0.078560812,1.181874297,208.545,0,0
869,17031837300,444,35417,31.2,28.98062008,6.458569127,0.031543187,0.775818422,215.92,0,0
870,17031837400,311,36979,33,20.20656862,8.537536051,0.14524191,1.364994255,204.52,0,0
871,17031837800,1956,58529,34.2,11.65597123,11.00572718,0.026165013,2.788654989,189.095,0,0
872,17031838000,987,63125,45.5,19.63765933,2.582201343,0.027878007,0.248237681,225.98,0,0
873,17031838100,3485,120833,47.8,18.13059166,71.35864053,0.031496063,24.9470229,178.37,0,0
874,17031838200,6842,105769,23.9,8.488108443,21.97031044,0.024173321,53.51350511,156.91,0,0
875,17031838300,3947,147708,30.4,17.93038305,7.794762709,0.059975562,1.161096257,215.925,0,0
876,17031838600,111,17063,29.4,24.7645935,1.100200135,0.012219183,0.145441137,185.075,0,0
877,17031838700,1875,31601,29.7,25.17881507,2.4486274,0.156439176,0.279214895,263.195,0,0
878,17031838800,560,29868,32.5,11.8022181,1.708610918,0.07741839,3.12798983,244.755,0,0
879,17031839000,15236,129196,31.8,94.53904407,20.91767258,0.087285509,0.442374881,211.2275,0,0
880,17031839100,44804,159538,30.4,29.70334833,1102.545869,0.110656401,81.61577485,123.385,0,0
881,17031839200,1281,53393,44.3,33.23183831,8.314262381,0.032056595,1.168637038,283.87,0,0
882,17031839500,171,158026,45.5,23.31162582,2.732554815,0.054712796,0.254676259,378.2,0,0
883,17031839600,318,44760,53.4,22.48327893,4.641490451,0.060540578,0.296906155,200.495,0,0
884,17031839700,646,91042,34.6,30.00835041,5.039287318,0.071087909,0.45942568,242.2966667,0,0
885,17031839800,150,68750,33.5,42.81172831,4.837027584,0.010970464,0.328379311,261.9666667,0,0
886,17031839900,480,76806,37.2,25.49600816,3.926140635,0.029429306,0.761033032,206.8,0,0
887,17031840000,64,106029,41,23.33951179,1.353219539,0.116982777,0.172104016,278.95,0,0
888,17031840100,53,53965,39.4,38.70591068,2.370667648,0.032693341,0.180059365,216.59,0,0
889,17031840200,133,77083,42.7,14.36349704,2.846143104,0.026748526,0.589712919,461.35,0,0
890,17031840300,99,53885,35.4,20.99055146,2.487912972,0.065968814,0.669508975,251.2366667,0,0
891,17031840400,536,61845,44.6,18.66583672,11.19361935,0.113526165,3.294938398,225.975,0,0
892,17031840700,601,45303,32.8,27.69068124,14.10209907,0.158825426,1.560754205,236.0366667,0,0
893,17031840800,49,35117,27.1,37.0745653,2.402622416,0.05616973,0.223488201,260.845,0,0
894,17031841000,2148,112426,38.1,4.176119634,12.98905443,0.051655427,5.379858657,244.08,0,0
895,17031841100,2688,38922,49.8,29.11047887,11.57681582,0.04820529,1.160261005,241.065,0,0
896,17031841200,1273,45450,30.8,42.56355656,3.556924519,0.021412037,0.425844173,223.9666667,0,0
897,17031841300,1371,53017,33.8,18.90163941,7.436564117,0.019340805,1.994600004,253.81,0,0
898,17031841400,127,56167,#N/A,19.06238626,0.787584876,0.020315596,0.117281349,209.885,#N/A,#N/A
899,17031841500,1024,32539,30.6,27.56068176,2.200376314,0.293142619,0.279787234,111.315,0,0
900,17031841600,8,67292,#N/A,16.63319226,0.507883733,0.061548224,0.085470085,211.9,#N/A,#N/A
901,17031841700,33,27109,40.6,27.75456026,9.413738523,0.036302145,0.874293785,257.5,0,0
902,17031841800,492,43542,33.1,7.864591534,1.390686568,0.055842164,0.495594107,192.455,0,0
903,17031841900,11116,129934,24.2,10.98488087,20.24577535,0.106802635,9.039132632,146.185,0,0
904,17031842000,422,171141,22.7,25.77359236,22.50267003,0.181985572,15.53537787,81.14,0,0
905,17031842100,1070,38119,27.2,30.33162826,3.655312636,0.333961514,1.288997039,299.9633333,0,0
906,17031842200,12923,105060,34,9.233413464,54.69787481,0.357637161,9.716068643,233.35,0,0
907,17031842300,12128,148125,37,8.506147392,15.26086944,0.256072083,4.979233908,122.045,0,0
908,17031842400,2949,53997,44.1,8.120447853,3.80443269,0.146636867,1.62437831,293.7033333,0,0
910,17031842600,1143,75724,38.8,14.84401872,4.750109275,0.085001113,7.85134142,305.7775,0,0
911,17031842800,615,29681,28,42.79038757,1.530606492,0.133786848,0.747248403,215.0266667,0,0
912,17031842900,3227,26420,33.3,10.71167134,6.638322893,0.13479606,5.24703268,275.935,0,0
913,17031843000,1316,27431,29.5,9.965265568,4.89302736,0.199705029,1.294733955,159.595,0,0
914,17031843100,458,32098,30.1,17.40386063,19.48455107,0.141019384,4.366425993,156.91,0,0
915,17031843200,1608,51917,34.8,18.02929935,13.41420318,0.046664825,8.777856991,73.76,0,0
916,17031843300,805,73092,36.8,13.659497,13.18155314,0.05346322,4.305429864,253.47,0,0
917,17031843400,156,33776,44.9,7.369708838,2.386675582,0.035873797,0.763313609,151.55,0,0
918,17031843500,150,28750,30.3,23.14048489,6.286980628,0.085057123,9.501694915,537.79,0,0
919,17031843600,915,67609,34.4,28.80694671,3.053904602,0.114071764,0.230467469,264.87,0,0
920,17031843700,1843,194375,35.2,14.26469681,16.55747942,0.100850693,4.656542372,283.645,0,0
921,17031843800,58,41250,40,4.633875401,0.716690849,0.092342244,0.37243682,274.93,0,0
922,17031843900,1619,50104,46,35.4333934,2.294889191,0.098458099,0.380600754,199.022,0,0
